build_tree ||| list index out of range || WARNING: File not found for Module = BRAM_SDP_MACRO @ level[2] | Handle this manually

print_tree ||| Tree Level[0]:
print_tree ||| module = pucb_intf

print_tree ||| Tree Level[1]:
print_tree ||| module = pucb_comparator
print_tree ||| module = pucb_lru
print_tree ||| module = field_table
print_tree ||| module = validity_table
print_tree ||| module = pucb_lru_regfile
print_tree ||| module = reverse_ptr_table
print_tree ||| module = in_cdc
print_tree ||| module = pucb_wb_gen
print_tree ||| module = pucb_controller
net_parse ||| Parsing line[0] = `timescale 1ns / 1ps
net_parse ||| Parsing line[1] = //////////////////////////////////////////////////////////////////////////////////
net_parse ||| Parsing line[2] = // Company: 
net_parse ||| Parsing line[3] = // Engineer: 
net_parse ||| Parsing line[4] = // 
net_parse ||| Parsing line[5] = // Create Date: 16.10.2025 16:03:54
net_parse ||| Parsing line[6] = // Design Name: 
net_parse ||| Parsing line[7] = // Module Name: pucb_intf
net_parse ||| Parsing line[8] = // Project Name: 
net_parse ||| Parsing line[9] = // Target Devices: 
net_parse ||| Parsing line[10] = // Tool Versions: 
net_parse ||| Parsing line[11] = // Description: 
net_parse ||| Parsing line[12] = // 
net_parse ||| Parsing line[13] = // Dependencies: 
net_parse ||| Parsing line[14] = // 
net_parse ||| Parsing line[15] = // Revision:
net_parse ||| Parsing line[16] = // Revision 0.01 - File Created
net_parse ||| Parsing line[17] = // Additional Comments:
net_parse ||| Parsing line[18] = // 
net_parse ||| Parsing line[19] = //////////////////////////////////////////////////////////////////////////////////
net_parse ||| Parsing line[20] = 
net_parse ||| Parsing line[21] = 
net_parse ||| Parsing line[22] = //----------------------------------------------------------------------
net_parse ||| Parsing line[23] = //  NOTES
net_parse ||| Parsing line[24] = //
net_parse ||| Parsing line[25] = //  * CB will push the missed tag into MSHR for handling. This buys a single 
net_parse ||| Parsing line[26] = //    cycle bubble, which is used by CB to set the newly allocated valid bit.
net_parse ||| Parsing line[27] = //
net_parse ||| Parsing line[28] = //  * PU hits can be accessed with single cycle latency, but misses must be handled by MSHR bubble.
net_parse ||| Parsing line[29] = //
net_parse ||| Parsing line[30] = // -----------------------------------------------------------------------
net_parse ||| Parsing line[31] = 
net_parse ||| Parsing line[32] = 
net_parse ||| Parsing line[33] = 
net_parse ||| Parsing line[34] = module pucb_intf #(
net_parse ||| Parsing line[35] =         parameter PU_CLK_PERIOD     = 10,
net_parse ||| Parsing line[36] =         parameter CB_CLK_PERIOD     = 5,
net_parse ||| Parsing line[37] =         //parameter BRAM_EN           = 1,
net_parse ||| Parsing line[38] =         parameter ASSOC             = 4,
net_parse ||| Parsing line[39] =         parameter SETS              = 512,
net_parse ||| Parsing line[40] =         parameter ADDR_W            = 32,
net_parse ||| Parsing line[41] =         parameter DATA_W            = 32,
net_parse ||| Parsing line[42] =         parameter PAGE_SIZE         = 256,
net_parse ||| Parsing line[43] =         parameter PIPE_DEP          = 3,                    // Number of stages from pu_addr assertion (including pucb_intf) to CB scb update stage
net_parse ||| Parsing line[44] =         parameter DEC_DEP           = 1,                    // Number of CB vtp decoder stages
net_parse ||| Parsing line[45] =         localparam TABLE_W          = SETS*ASSOC,
net_parse ||| Parsing line[46] =         localparam ASSOC_W          = $clog2(ASSOC),
net_parse ||| Parsing line[47] =         localparam SET_W            = $clog2(SETS),
net_parse ||| Parsing line[48] =         localparam PTAG_W           = $clog2(PAGE_SIZE),
net_parse ||| Parsing line[49] =         localparam VTAG_W           = $clog2(TABLE_W),
net_parse ||| Parsing line[50] =         localparam FULL_ATAG_W      = ADDR_W - SET_W,
net_parse ||| Parsing line[51] =         localparam VALID_ATAG_W     = DATA_W - PTAG_W,
net_parse ||| Parsing line[52] =         localparam ATAG_W           = (FULL_ATAG_W < VALID_ATAG_W) ? FULL_ATAG_W : VALID_ATAG_W,
net_parse ||| Parsing line[53] =         localparam OFFS_W           = $clog2(PIPE_DEP),
net_parse ||| Parsing line[54] =         localparam DEC_W            = $clog2(DEC_DEP+1)
net_parse ||| Parsing line[55] =     )(
net_parse ||| Parsing line[56] =         input wire                          i_pu_clk,
net_parse ||| Parsing line[57] =         input wire                          i_cb_clk,
net_parse ||| Parsing line[58] =         input wire                          i_rst,
net_parse ||| Parsing line[59] =         // From PU
net_parse ||| Parsing line[60] =         input wire                          i_cb_en,
net_parse ||| Parsing line[61] =         input wire                          i_field_mshr,           // True when i_field_daddr is from MSHR | When this is true, CB will only look for a tag match and will ignore Pvld for comparison, and set it when done.
net_parse ||| Parsing line[62] =         input wire                          i_field_wen,            // PU data write enable
net_parse ||| Parsing line[63] =         input wire  [ADDR_W-1:0]            i_field_addr,           // PU address {atag, set_sel, ASSOC_W ignore}
net_parse ||| Parsing line[64] =         // From CB
net_parse ||| Parsing line[65] =         input wire  [DEC_DEP:0][PTAG_W-1:0] i_cb_consume_buf,
net_parse ||| Parsing line[66] =         
net_parse ||| Parsing line[67] =         // To PU
net_parse ||| Parsing line[68] =         output wire                         o_field_mshr,           // True when miss occured at o_field_addr and needs to be handled
net_parse ||| Parsing line[69] =         output wire [ADDR_W-1:0]            o_field_addr,           // Address that needs to be pushed into mshr
net_parse ||| Parsing line[70] =         output wire                         o_field_wen,
net_parse ||| Parsing line[71] =         // To CB
net_parse ||| Parsing line[72] =         output wire                         o_cb_consume,           // Indicates consumption from CB_LRU, triggering full-rotation of map.
net_parse ||| Parsing line[73] =         output wire [PTAG_W-1:0]            o_cb_ptag,              // PTAG at which hit occured (CB performs LRU on this IFF not in deadzone)
net_parse ||| Parsing line[74] =         output wire [OFFS_W-1:0]            o_cb_vtp_offset,
net_parse ||| Parsing line[75] =         // To Heap
net_parse ||| Parsing line[76] =         output wire                         o_mem_wen,
net_parse ||| Parsing line[77] =         output wire [PTAG_W-1:0]            o_mem_addr
net_parse ||| Parsing line[78] =     );
net_parse ||| Parsing line[79] =     
net_parse ||| Parsing line[80] =     localparam LRU_NODES                    = ASSOC-1;
net_parse ||| Parsing line[81] =     
net_parse ||| Parsing line[82] =     //wire                                    w_field_init;
net_parse ||| Parsing line[83] =     wire                                    w_field_stall;
net_parse ||| Parsing line[84] =     wire                                    w_field_wen;
net_parse ||| Parsing line[85] =     wire    [ADDR_W-1:0]                    w_field_addr;
net_parse ||| Parsing line[86] =     wire                                    w_field_mshr;
net_parse ||| Parsing line[87] =     wire    [ATAG_W-1:0]                    w_field_atag;
net_parse ||| Parsing line[88] =     wire    [SET_W-1:0]                     w_field_set;
net_parse ||| Parsing line[89] =     
net_parse ||| Parsing line[90] =     wire    [VTAG_W-1:0]                    w_field_table_vtag;         // Register with CDC
net_parse ||| Parsing line[91] =     wire    [DATA_W-1:0]                    w_field_table_wr_data;      // Register with CDC
net_parse ||| Parsing line[92] =     wire    [VTAG_W-1:0]                    wo_field_table_vtag;
net_parse ||| Parsing line[93] =     wire    [DATA_W-1:0]                    wo_field_table_wr_data;
net_parse ||| Parsing line[94] =     
net_parse ||| Parsing line[95] =     wire    [VTAG_W-1:0]                    wo_validity_table_vtag;     // Extracted from Registered CDC
net_parse ||| Parsing line[96] =     wire                                    wo_validity_table_null;     // Extracted from Registered CDC
net_parse ||| Parsing line[97] =     
net_parse ||| Parsing line[98] =     wire    [ASSOC-1:0]                     w_comp_hit;
net_parse ||| Parsing line[99] =     wire    [ASSOC-1:0][PTAG_W-1:0]         w_comp_ptag;
net_parse ||| Parsing line[100] =     wire    [PTAG_W-1:0]                    w_comp_lru_ptag;
net_parse ||| Parsing line[101] =     wire    [ASSOC-1:0]                     w_comp_pvld;
net_parse ||| Parsing line[102] =     
net_parse ||| Parsing line[103] =     wire    [ASSOC_W-1:0]                   w_cb_lru_cur;
net_parse ||| Parsing line[104] =     wire    [LRU_NODES-1:0]                 w_cb_lru_cur_bits;
net_parse ||| Parsing line[105] =     wire    [ASSOC_W-1:0]                   w_cb_lru_nxt;
net_parse ||| Parsing line[106] =     wire    [LRU_NODES-1:0]                 w_cb_lru_nxt_bits;
net_parse ||| Parsing line[107] =     
net_parse ||| Parsing line[108] =     wire                                    w_cb_miss;
net_parse ||| Parsing line[109] =     wire    [DEC_DEP:0][PTAG_W-1:0]         w_cb_consume_buf;
net_parse ||| Parsing line[110] =     wire    [VTAG_W-1:0]                    w_cb_rev_ptr;
net_parse ||| Parsing line[111] =     wire                                    w_cb_rev_ptr_null;
net_parse ||| Parsing line[112] =     wire                                    w_cb_consume;               // Register with CDC | True when a new block is taken from CB
net_parse ||| Parsing line[113] =     wire                                    wo_cb_consume;
net_parse ||| Parsing line[114] =     wire    [ASSOC_W-1:0]                   w_cb_cline;                 // Assoc line at which comparator landed
net_parse ||| Parsing line[115] =     wire    [PTAG_W-1:0]                    w_cb_ctag;                  // Register with CDC | Associated ptag at cline;
net_parse ||| Parsing line[116] =     wire    [PTAG_W-1:0]                    wo_cb_ctag;
net_parse ||| Parsing line[117] =     
net_parse ||| Parsing line[118] =     wire    [OFFS_W-1:0]                    w_cb_vtp_offset;            // Register with CDC | Driven by controller
net_parse ||| Parsing line[119] =     wire    [OFFS_W-1:0]                    wo_cb_vtp_offset;
net_parse ||| Parsing line[120] =     wire    [DEC_W-1:0]                     w_cb_consume_sel;               // Driven by controller
net_parse ||| Parsing line[121] =     wire    [PTAG_W-1:0]                    wo_cb_lru_ptag;             // Extract from Registered CDC
net_parse ||| Parsing line[122] =     
net_parse ||| Parsing line[123] =     wire                                    w_mem_wen;
net_parse ||| Parsing line[124] =     wire    [PTAG_W-1:0]                    w_mem_addr;
net_parse ||| Parsing line[125] =     
net_parse ||| Parsing line[126] =     reg                                     r_field_mshr;
net_parse ||| Parsing line[127] =     reg     [ADDR_W-1:0]                    r_field_addr;
net_parse ||| Parsing line[128] =     reg                                     r_field_wen;
net_parse ||| Parsing line[129] =     //reg                                     r_field_init;
net_parse ||| Parsing line[130] =     
net_parse ||| Parsing line[131] =     //assign w_field_init = r_field_init;
net_parse ||| Parsing line[132] =     assign w_field_stall = i_rst | ~i_cb_en;
net_parse ||| Parsing line[133] =     assign w_field_wen = i_field_wen;
net_parse ||| Parsing line[134] =     assign w_field_addr = i_field_addr;
net_parse ||| Parsing line[135] =     assign w_field_mshr = i_field_mshr;
net_parse ||| Parsing line[136] =     assign w_field_set = w_field_addr[0 +: SET_W];
net_parse ||| Parsing line[137] =     assign w_field_atag = w_field_addr[SET_W +: ATAG_W];
net_parse ||| Parsing line[138] =     assign w_cb_consume_buf = i_cb_consume_buf;
net_parse ||| Parsing line[139] =     assign w_cb_miss = ~(|(w_comp_pvld & w_comp_hit));
net_parse ||| Parsing line[140] =     
net_parse ||| Parsing line[141] =     assign o_field_mshr = r_field_mshr;
net_parse ||| Parsing line[142] =     assign o_field_addr = r_field_addr;
net_parse ||| Parsing line[143] =     assign o_field_wen = r_field_wen;
net_parse ||| Parsing line[144] =     
net_parse ||| Parsing line[145] =     assign o_cb_consume = wo_cb_consume;
net_parse ||| Parsing line[146] =     assign o_cb_ptag = wo_cb_ctag;
net_parse ||| Parsing line[147] =     assign o_cb_vtp_offset = wo_cb_vtp_offset;
net_parse ||| Parsing line[148] =     
net_parse ||| Parsing line[149] =     assign o_mem_wen = w_mem_wen;
net_parse ||| Parsing line[150] =     assign o_mem_addr = w_mem_addr;
net_parse ||| Parsing line[151] =     
net_parse ||| Parsing line[152] =     pucb_comparator #(
net_parse ||| Parsing line[153] =         .ASSOC(ASSOC),
net_parse ||| Parsing line[154] =         //.ATAG_W(ATAG_W),
net_parse ||| Parsing line[155] =         .PTAG_W(PTAG_W)
net_parse ||| Parsing line[156] =     ) comparator_i (
net_parse ||| Parsing line[157] =         .i_field_ptag(w_comp_ptag),
net_parse ||| Parsing line[158] =         .i_field_hit(w_comp_hit),
net_parse ||| Parsing line[159] =         .i_field_pvld(w_comp_pvld),
net_parse ||| Parsing line[160] =         .i_field_lru(w_cb_lru_cur),
net_parse ||| Parsing line[161] =         .i_field_lru_ptag(w_comp_lru_ptag),
net_parse ||| Parsing line[162] =         
net_parse ||| Parsing line[163] =         .o_cb_line(w_cb_cline),                 // Line pointed by comparator | in-case of a miss, points to lru line, else to hit line
net_parse ||| Parsing line[164] =         .o_cb_ptag(w_cb_ctag)                      // Ptag with associated o_tag_line
net_parse ||| Parsing line[165] =     );
net_parse ||| Parsing line[166] =     
net_parse ||| Parsing line[167] =     pucb_lru #(
net_parse ||| Parsing line[168] =         //.BRAM_EN(BRAM_EN),
net_parse ||| Parsing line[169] =         .ASSOC(ASSOC)
net_parse ||| Parsing line[170] =         //.SETS(SETS)
net_parse ||| Parsing line[171] =     ) pucb_lru_i (
net_parse ||| Parsing line[172] =         //.i_clk(i_pu_clk),
net_parse ||| Parsing line[173] =         //.i_rst(i_rst),
net_parse ||| Parsing line[174] =         .i_field_lru_cur_bits(w_cb_lru_cur_bits),
net_parse ||| Parsing line[175] =         
net_parse ||| Parsing line[176] =         .o_field_lru_nxt_bits(w_cb_lru_nxt_bits),
net_parse ||| Parsing line[177] =         .o_field_lru_nxt(w_cb_lru_nxt)
net_parse ||| Parsing line[178] =     );
net_parse ||| Parsing line[179] =     
net_parse ||| Parsing line[180] =     // Tables
net_parse ||| Parsing line[181] =     field_table #(
net_parse ||| Parsing line[182] =         //.BRAM_EN(BRAM_EN),
net_parse ||| Parsing line[183] =         .ASSOC(ASSOC),
net_parse ||| Parsing line[184] =         .SETS(SETS),
net_parse ||| Parsing line[185] =         .DATA_W(DATA_W),
net_parse ||| Parsing line[186] =         .ATAG_W(ATAG_W),
net_parse ||| Parsing line[187] =         .PTAG_W(PTAG_W)
net_parse ||| Parsing line[188] =     ) field_table_i (
net_parse ||| Parsing line[189] =         .i_clk(i_pu_clk),
net_parse ||| Parsing line[190] =         .i_rst(i_rst),
net_parse ||| Parsing line[191] =         .i_field_atag(w_field_atag),
net_parse ||| Parsing line[192] =         .i_field_lru(w_cb_lru_cur),
net_parse ||| Parsing line[193] =         .i_rd_addr(w_field_set),
net_parse ||| Parsing line[194] =         .i_wr_addr(wo_field_table_vtag),
net_parse ||| Parsing line[195] =         .i_wr_data(wo_field_table_wr_data),
net_parse ||| Parsing line[196] =         .i_wr_en(wo_cb_consume),
net_parse ||| Parsing line[197] =         
net_parse ||| Parsing line[198] =         //.o_comp_miss(w_cb_miss),
net_parse ||| Parsing line[199] =         .o_comp_hit(w_comp_hit),
net_parse ||| Parsing line[200] =         .o_comp_lru_ptag(w_comp_lru_ptag),
net_parse ||| Parsing line[201] =         .o_comp_ptag(w_comp_ptag)
net_parse ||| Parsing line[202] =     );
net_parse ||| Parsing line[203] =     
net_parse ||| Parsing line[204] =     validity_table #(
net_parse ||| Parsing line[205] =         //.BRAM_EN(BRAM_EN),
net_parse ||| Parsing line[206] =         //.BLOCK_W(PAGE_SIZE),
net_parse ||| Parsing line[207] =         .ASSOC(ASSOC),
net_parse ||| Parsing line[208] =         .SETS(SETS)
net_parse ||| Parsing line[209] =     ) validity_table_i (
net_parse ||| Parsing line[210] =         .i_clk(i_pu_clk),
net_parse ||| Parsing line[211] =         .i_rst(i_rst),
net_parse ||| Parsing line[212] =         //.i_cb_en(i_cb_en),
net_parse ||| Parsing line[213] =         //.i_field_init(w_field_init),
net_parse ||| Parsing line[214] =         .i_field_stall(w_field_stall),
net_parse ||| Parsing line[215] =         .i_field_mshr(w_field_mshr),
net_parse ||| Parsing line[216] =         .i_field_lru(w_cb_lru_cur),
net_parse ||| Parsing line[217] =         .i_field_miss(w_cb_miss),
net_parse ||| Parsing line[218] =         .i_rd_addr(w_field_set),                  // From current cycle
net_parse ||| Parsing line[219] =         .i_wr_addr(wo_validity_table_vtag),                  // From previous cycle
net_parse ||| Parsing line[220] =         .i_wr_null(wo_validity_table_null),                  // When true, write is dropped, i.e., no side-effects
net_parse ||| Parsing line[221] =         .i_field_consume(wo_cb_consume),            // when consume is true, miss must be true. But, not vice-versa. From previous cycle
net_parse ||| Parsing line[222] =         
net_parse ||| Parsing line[223] =         .o_field_consume(w_cb_consume),
net_parse ||| Parsing line[224] =         .o_field_pvld(w_comp_pvld)                // Output in current cycle
net_parse ||| Parsing line[225] =     );
net_parse ||| Parsing line[226] =     
net_parse ||| Parsing line[227] =     pucb_lru_regfile #(
net_parse ||| Parsing line[228] =         //.BRAM_EN(BRAM_EN),
net_parse ||| Parsing line[229] =         .ASSOC(ASSOC),
net_parse ||| Parsing line[230] =         .SETS(SETS)
net_parse ||| Parsing line[231] =     ) lru_regfile_i (
net_parse ||| Parsing line[232] =         .i_clk(i_pu_clk),
net_parse ||| Parsing line[233] =         .i_rst(i_rst),
net_parse ||| Parsing line[234] =         .i_rd_addr(w_field_set),
net_parse ||| Parsing line[235] =         .i_wr_addr(w_field_set),
net_parse ||| Parsing line[236] =         .i_field_lru_nxt_bits(w_cb_lru_nxt_bits),
net_parse ||| Parsing line[237] =         .i_field_lru_nxt(w_cb_lru_nxt),
net_parse ||| Parsing line[238] =         .i_field_lru_wen(w_cb_miss),
net_parse ||| Parsing line[239] =         .i_field_stall(w_field_stall),
net_parse ||| Parsing line[240] = 
net_parse ||| Parsing line[241] =         .o_field_lru_cur_bits(w_cb_lru_cur_bits),
net_parse ||| Parsing line[242] =         .o_field_lru_cur(w_cb_lru_cur)
net_parse ||| Parsing line[243] =     );
net_parse ||| Parsing line[244] =     
net_parse ||| Parsing line[245] =     // Must be Read-Before-Write mode, since read and write to same address in the same cycle is possible
net_parse ||| Parsing line[246] =     reverse_ptr_table #(
net_parse ||| Parsing line[247] =         //.BRAM_EN(BRAM_EN),
net_parse ||| Parsing line[248] =         .BLOCK_W(PAGE_SIZE),
net_parse ||| Parsing line[249] =         .ASSOC(ASSOC),
net_parse ||| Parsing line[250] =         .SETS(SETS)
net_parse ||| Parsing line[251] =     ) rev_ptr_table_i (
net_parse ||| Parsing line[252] =         .i_clk(i_pu_clk),
net_parse ||| Parsing line[253] =         .i_rst(i_rst),
net_parse ||| Parsing line[254] =         .i_rd_addr(wo_cb_lru_ptag),                  // From current cycle
net_parse ||| Parsing line[255] =         //.i_wr_addr(wo_cb_ctag),                  // From previous cycle
net_parse ||| Parsing line[256] =         .i_wr_addr(wo_cb_lru_ptag),                  // From previous cycle
net_parse ||| Parsing line[257] =         .i_wr_data(wo_field_table_vtag),                  // From previous cycle
net_parse ||| Parsing line[258] =         .i_field_evict(1'b0),              // When true, value at wr_addr is forced to point to null | This is not the delayed signal of o_rev_ptr_null, this must be connected to the field-evict process where lines are forcefully evicted
net_parse ||| Parsing line[259] =         .i_field_consume(wo_cb_consume),            // when consume is true, miss must be true. But, not vice-versa. From previous cycle
net_parse ||| Parsing line[260] =         
net_parse ||| Parsing line[261] =         .o_rev_ptr_null(w_cb_rev_ptr_null),             // Output in current cycle
net_parse ||| Parsing line[262] =         .o_rev_ptr(w_cb_rev_ptr)                   // Output in current cycle
net_parse ||| Parsing line[263] =     );
net_parse ||| Parsing line[264] =     
net_parse ||| Parsing line[265] =     in_cdc #(
net_parse ||| Parsing line[266] =         .PU_CLK_PERIOD(PU_CLK_PERIOD),
net_parse ||| Parsing line[267] =         .CB_CLK_PERIOD(CB_CLK_PERIOD),
net_parse ||| Parsing line[268] =         .DATA_W(DATA_W),
net_parse ||| Parsing line[269] =         .VTAG_W(VTAG_W),
net_parse ||| Parsing line[270] =         .PTAG_W(PTAG_W),
net_parse ||| Parsing line[271] =         .OFFS_W(OFFS_W)
net_parse ||| Parsing line[272] =     ) in_cdc_i (
net_parse ||| Parsing line[273] =         .i_clk(i_cb_clk),
net_parse ||| Parsing line[274] =         .i_rst(i_rst),
net_parse ||| Parsing line[275] =         .i_field_table_vtag(w_field_table_vtag),
net_parse ||| Parsing line[276] =         .i_field_table_wr_data(w_field_table_wr_data),
net_parse ||| Parsing line[277] =         .i_cb_consume(w_cb_consume),
net_parse ||| Parsing line[278] =         .i_cb_ctag(w_cb_ctag),
net_parse ||| Parsing line[279] =         //.i_cb_ptag(w_cb_ptag),
net_parse ||| Parsing line[280] =         .i_cb_vtp_offset(w_cb_vtp_offset),
net_parse ||| Parsing line[281] =         
net_parse ||| Parsing line[282] =         .o_field_table_vtag(wo_field_table_vtag),
net_parse ||| Parsing line[283] =         .o_field_table_wr_data(wo_field_table_wr_data),
net_parse ||| Parsing line[284] =         .o_cb_consume(wo_cb_consume),
net_parse ||| Parsing line[285] =         .o_cb_ctag(wo_cb_ctag),
net_parse ||| Parsing line[286] =         .o_cb_lru_ptag(wo_cb_lru_ptag),
net_parse ||| Parsing line[287] =         .o_cb_vtp_offset(wo_cb_vtp_offset)
net_parse ||| Parsing line[288] =     );
net_parse ||| Parsing line[289] =     
net_parse ||| Parsing line[290] =     pucb_wb_gen #(
net_parse ||| Parsing line[291] =         .DEC_DEP(DEC_DEP),
net_parse ||| Parsing line[292] =         .ASSOC(ASSOC),
net_parse ||| Parsing line[293] =         .SETS(SETS),
net_parse ||| Parsing line[294] =         .DATA_W(DATA_W),
net_parse ||| Parsing line[295] =         .PTAG_W(PTAG_W),
net_parse ||| Parsing line[296] =         .VTAG_W(VTAG_W),
net_parse ||| Parsing line[297] =         .ATAG_W(ATAG_W)
net_parse ||| Parsing line[298] =     ) wb_gen_i (
net_parse ||| Parsing line[299] =         //.i_field_init(w_field_init),
net_parse ||| Parsing line[300] =         .i_cb_miss(w_cb_miss),
net_parse ||| Parsing line[301] =         .i_ocb_consume(wo_cb_consume),
net_parse ||| Parsing line[302] =         .i_field_wen(w_field_wen),
net_parse ||| Parsing line[303] =         .i_field_atag(w_field_atag),
net_parse ||| Parsing line[304] =         .i_field_set(w_field_set),
net_parse ||| Parsing line[305] =         .i_cb_ctag(w_cb_ctag),
net_parse ||| Parsing line[306] =         .i_cb_cline(w_cb_cline),
net_parse ||| Parsing line[307] =         .i_cb_lru(w_cb_consume_buf),
net_parse ||| Parsing line[308] =         .i_cb_lru_sel(w_cb_consume_sel),
net_parse ||| Parsing line[309] =         .i_ofield_table_vtag(wo_field_table_vtag),
net_parse ||| Parsing line[310] =         //.i_ofield_table_wr_data(wo_field_table_wr_data),
net_parse ||| Parsing line[311] =         .i_cb_rev_ptr_null(w_cb_rev_ptr_null),
net_parse ||| Parsing line[312] =         .i_cb_rev_ptr(w_cb_rev_ptr),
net_parse ||| Parsing line[313] =         
net_parse ||| Parsing line[314] =         //.o_cb_lru_ptag(w_cb_lru_ptag),
net_parse ||| Parsing line[315] =         //.o_ocb_lru_ptag(wo_cb_lru_ptag),
net_parse ||| Parsing line[316] =         .o_field_table_vtag(w_field_table_vtag),
net_parse ||| Parsing line[317] =         .o_field_table_wr_data(w_field_table_wr_data),
net_parse ||| Parsing line[318] =         .o_ovalidity_table_null(wo_validity_table_null),
net_parse ||| Parsing line[319] =         .o_ovalidity_table_vtag(wo_validity_table_vtag),
net_parse ||| Parsing line[320] =         .o_mem_wen(w_mem_wen),
net_parse ||| Parsing line[321] =         .o_mem_addr(w_mem_addr)
net_parse ||| Parsing line[322] =     );
net_parse ||| Parsing line[323] =     
net_parse ||| Parsing line[324] =     pucb_controller #(
net_parse ||| Parsing line[325] =         .PIPE_DEP(PIPE_DEP),
net_parse ||| Parsing line[326] =         .DEC_DEP(DEC_DEP)
net_parse ||| Parsing line[327] =     ) controller_i (
net_parse ||| Parsing line[328] =         .i_clk(i_pu_clk),
net_parse ||| Parsing line[329] =         .i_rst(i_rst),
net_parse ||| Parsing line[330] =         .i_cb_consume(w_cb_consume),
net_parse ||| Parsing line[331] =         
net_parse ||| Parsing line[332] =         .o_cb_lru_sel(w_cb_consume_sel),
net_parse ||| Parsing line[333] =         .o_cb_vtp_offset(w_cb_vtp_offset)
net_parse ||| Parsing line[334] =     );
net_parse ||| Parsing line[335] =     
net_parse ||| Parsing line[336] =     initial begin
net_parse ||| Parsing line[337] =         r_field_addr = 'b0;
net_parse ||| Parsing line[338] =         r_field_wen = 'b0;
net_parse ||| Parsing line[339] =     end
net_parse ||| Parsing line[340] =     
net_parse ||| Parsing line[341] =     always @(posedge i_pu_clk) begin
net_parse ||| Parsing line[342] =         r_field_mshr <= (w_field_stall) ? 'b0 : w_cb_miss;
net_parse ||| Parsing line[343] =         r_field_addr <= w_field_addr;
net_parse ||| Parsing line[344] =         r_field_wen <= w_field_wen;
net_parse ||| Parsing line[345] =     end
net_parse ||| Parsing line[346] =     
net_parse ||| Parsing line[347] =     //always @(posedge i_cb_clk) begin
net_parse ||| Parsing line[348] =     //    r_field_init <= (i_rst || !i_cb_en || (r_field_init && !w_cb_consume)) ? 1'b1 : 1'b0; 
net_parse ||| Parsing line[349] =     //end
net_parse ||| Parsing line[350] =         
net_parse ||| Parsing line[351] = endmodule
net_parse ||| Parsing line[0] = `timescale 1ns / 1ps
net_parse ||| Parsing line[1] = //////////////////////////////////////////////////////////////////////////////////
net_parse ||| Parsing line[2] = // Company: 
net_parse ||| Parsing line[3] = // Engineer: 
net_parse ||| Parsing line[4] = // 
net_parse ||| Parsing line[5] = // Create Date: 17.10.2025 14:42:05
net_parse ||| Parsing line[6] = // Design Name: 
net_parse ||| Parsing line[7] = // Module Name: pucb_comparator
net_parse ||| Parsing line[8] = // Project Name: 
net_parse ||| Parsing line[9] = // Target Devices: 
net_parse ||| Parsing line[10] = // Tool Versions: 
net_parse ||| Parsing line[11] = // Description: 
net_parse ||| Parsing line[12] = // 
net_parse ||| Parsing line[13] = // Dependencies: 
net_parse ||| Parsing line[14] = // 
net_parse ||| Parsing line[15] = // Revision:
net_parse ||| Parsing line[16] = // Revision 0.01 - File Created
net_parse ||| Parsing line[17] = // Additional Comments:
net_parse ||| Parsing line[18] = // 
net_parse ||| Parsing line[19] = //////////////////////////////////////////////////////////////////////////////////
net_parse ||| Parsing line[20] = 
net_parse ||| Parsing line[21] = 
net_parse ||| Parsing line[22] = module pucb_comparator #(
net_parse ||| Parsing line[23] =         parameter ASSOC             = 4,
net_parse ||| Parsing line[24] =         //parameter ATAG_W            = 10,
net_parse ||| Parsing line[25] =         parameter PTAG_W            = 10,
net_parse ||| Parsing line[26] =         localparam ASSOC_W          = $clog2(ASSOC)
net_parse ||| Parsing line[27] =     )(
net_parse ||| Parsing line[28] =         input wire  [ASSOC-1:0][PTAG_W-1:0] i_field_ptag,
net_parse ||| Parsing line[29] =         input wire  [ASSOC-1:0]             i_field_hit,
net_parse ||| Parsing line[30] =         input wire  [ASSOC-1:0]             i_field_pvld,
net_parse ||| Parsing line[31] =         input wire  [ASSOC_W-1:0]           i_field_lru,
net_parse ||| Parsing line[32] =         input wire  [PTAG_W-1:0]            i_field_lru_ptag,
net_parse ||| Parsing line[33] =         
net_parse ||| Parsing line[34] =         output wire [ASSOC_W-1:0]           o_cb_line,                 // Line pointed by comparator | in-case of a miss, points to lru line, else to hit line
net_parse ||| Parsing line[35] =         output wire [PTAG_W-1:0]            o_cb_ptag                      // Ptag with associated o_tag_line
net_parse ||| Parsing line[36] =     );
net_parse ||| Parsing line[37] =     
net_parse ||| Parsing line[38] =     wire    [ASSOC_W-1:0]           w_field_lru;
net_parse ||| Parsing line[39] =     wire    [PTAG_W-1:0]            w_field_lru_ptag;
net_parse ||| Parsing line[40] =     wire    [ASSOC-1:0]             w_field_hit;
net_parse ||| Parsing line[41] =     wire    [ASSOC-1:0]             w_field_pvld;
net_parse ||| Parsing line[42] =     wire    [ASSOC-1:0][PTAG_W-1:0] w_field_ptag;
net_parse ||| Parsing line[43] =     
net_parse ||| Parsing line[44] =     reg     [ASSOC_W-1:0]           w_comp_line;
net_parse ||| Parsing line[45] =     reg     [PTAG_W-1:0]            w_comp_ptag;
net_parse ||| Parsing line[46] =         
net_parse ||| Parsing line[47] =     integer k;
net_parse ||| Parsing line[48] =     
net_parse ||| Parsing line[49] =     assign w_field_lru = i_field_lru;
net_parse ||| Parsing line[50] =     assign w_field_lru_ptag = i_field_lru_ptag;
net_parse ||| Parsing line[51] =     assign w_field_hit = i_field_hit;
net_parse ||| Parsing line[52] =     assign w_field_pvld = i_field_pvld;
net_parse ||| Parsing line[53] =     assign w_field_ptag = i_field_ptag;
net_parse ||| Parsing line[54] =     
net_parse ||| Parsing line[55] =     assign o_cb_line = w_comp_line;
net_parse ||| Parsing line[56] =     assign o_cb_ptag = w_comp_ptag;
net_parse ||| Parsing line[57] =     
net_parse ||| Parsing line[58] =     // Comparator block
net_parse ||| Parsing line[59] =     always @(*) begin
net_parse ||| Parsing line[60] =         w_comp_ptag = w_field_lru_ptag;
net_parse ||| Parsing line[61] =         w_comp_line = w_field_lru;
net_parse ||| Parsing line[62] =         for (k = 0; k < ASSOC; k = k+1) begin   :       comb_comparator
net_parse ||| Parsing line[63] =             if (w_field_pvld[k] && w_field_hit[k]) begin
net_parse ||| Parsing line[64] =                 w_comp_ptag = w_field_ptag[k];
net_parse ||| Parsing line[65] =                 w_comp_line = k;
net_parse ||| Parsing line[66] =             end
net_parse ||| Parsing line[67] =         end
net_parse ||| Parsing line[68] =     end
net_parse ||| Parsing line[69] =     
net_parse ||| Parsing line[70] = endmodule
net_parse ||| Parsing line[0] = `timescale 1ns / 1ps
net_parse ||| Parsing line[1] = //////////////////////////////////////////////////////////////////////////////////
net_parse ||| Parsing line[2] = // Company: 
net_parse ||| Parsing line[3] = // Engineer: 
net_parse ||| Parsing line[4] = // 
net_parse ||| Parsing line[5] = // Create Date: 17.10.2025 02:24:24
net_parse ||| Parsing line[6] = // Design Name: 
net_parse ||| Parsing line[7] = // Module Name: pucb_lru
net_parse ||| Parsing line[8] = // Project Name: 
net_parse ||| Parsing line[9] = // Target Devices: 
net_parse ||| Parsing line[10] = // Tool Versions: 
net_parse ||| Parsing line[11] = // Description: 
net_parse ||| Parsing line[12] = // 
net_parse ||| Parsing line[13] = // Dependencies: 
net_parse ||| Parsing line[14] = // 
net_parse ||| Parsing line[15] = // Revision:
net_parse ||| Parsing line[16] = // Revision 0.01 - File Created
net_parse ||| Parsing line[17] = // Additional Comments:
net_parse ||| Parsing line[18] = // 
net_parse ||| Parsing line[19] = //////////////////////////////////////////////////////////////////////////////////
net_parse ||| Parsing line[20] = 
net_parse ||| Parsing line[21] = 
net_parse ||| Parsing line[22] = module pucb_lru #(
net_parse ||| Parsing line[23] =         //parameter BRAM_EN               = 0,
net_parse ||| Parsing line[24] =         parameter ASSOC                 = 4,
net_parse ||| Parsing line[25] =         //parameter SETS                  = 512,
net_parse ||| Parsing line[26] =         localparam NODES                = ASSOC-1,
net_parse ||| Parsing line[27] =         localparam ASSOC_W              = $clog2(ASSOC)
net_parse ||| Parsing line[28] =         //localparam SET_W                = $clog2(SETS)
net_parse ||| Parsing line[29] =     )(
net_parse ||| Parsing line[30] =         //input wire                      i_clk,
net_parse ||| Parsing line[31] =         //input wire                      i_rst,
net_parse ||| Parsing line[32] =         input wire [NODES-1:0]          i_field_lru_cur_bits,
net_parse ||| Parsing line[33] =         
net_parse ||| Parsing line[34] =         output wire [NODES-1:0]         o_field_lru_nxt_bits,
net_parse ||| Parsing line[35] =         output wire [ASSOC_W-1:0]       o_field_lru_nxt
net_parse ||| Parsing line[36] =     );
net_parse ||| Parsing line[37] =     
net_parse ||| Parsing line[38] =     localparam STAGES                   = ASSOC_W;
net_parse ||| Parsing line[39] =     
net_parse ||| Parsing line[40] =     // Reduction length func
net_parse ||| Parsing line[41] =     function integer read_ptr (input integer lp_cnt);
net_parse ||| Parsing line[42] =         integer i, k;
net_parse ||| Parsing line[43] =         k = 0;
net_parse ||| Parsing line[44] =         for (i = 0; i < lp_cnt; i = i+1) begin
net_parse ||| Parsing line[45] =             k = k+(2**k);
net_parse ||| Parsing line[46] =         end
net_parse ||| Parsing line[47] =         return k;
net_parse ||| Parsing line[48] =     endfunction
net_parse ||| Parsing line[49] =     
net_parse ||| Parsing line[50] =     wire    [NODES-1:0]                 w_nactv;
net_parse ||| Parsing line[51] =     wire    [NODES-1:0]                 w_tbits;
net_parse ||| Parsing line[52] =     wire    [NODES-1:0]                 w_pactv;
net_parse ||| Parsing line[53] =     wire    [NODES-1:0]                 w_field_lru_cur_bits;
net_parse ||| Parsing line[54] =     wire    [NODES-1:0]                 w_field_lru_nxt_bits;
net_parse ||| Parsing line[55] =     wire    [ASSOC_W-1:0]               w_field_lru_nxt;
net_parse ||| Parsing line[56] =         
net_parse ||| Parsing line[57] =     genvar i;
net_parse ||| Parsing line[58] =     
net_parse ||| Parsing line[59] =     assign w_field_lru_cur_bits = i_field_lru_cur_bits;
net_parse ||| Parsing line[60] =     
net_parse ||| Parsing line[61] =     assign o_field_lru_nxt_bits = w_field_lru_nxt_bits;
net_parse ||| Parsing line[62] =     assign o_field_lru_nxt = w_field_lru_nxt;
net_parse ||| Parsing line[63] =     
net_parse ||| Parsing line[64] =     generate
net_parse ||| Parsing line[65] =         for (i = 0; i < STAGES; i = i+1) begin  :   gen_lru_nxt
net_parse ||| Parsing line[66] =             localparam READ_START   = read_ptr(i);
net_parse ||| Parsing line[67] =             localparam READ_LEN     = 2**i;
net_parse ||| Parsing line[68] =             wire    [READ_LEN-1:0]  w_tread;
net_parse ||| Parsing line[69] =             assign w_tread = w_tbits[READ_START +: READ_LEN];
net_parse ||| Parsing line[70] =             assign w_field_lru_nxt[STAGES-1-i] = |w_tread;
net_parse ||| Parsing line[71] =         end
net_parse ||| Parsing line[72] =     endgenerate
net_parse ||| Parsing line[73] =     
net_parse ||| Parsing line[74] =     // Tree generation for nxt_bits computation
net_parse ||| Parsing line[75] =     generate
net_parse ||| Parsing line[76] =         for (i = 0; i < NODES; i = i+1) begin       :   gen_lru_nxt_bits
net_parse ||| Parsing line[77] =             // L_CHILD (odd) = 2*i+1 ; R_CHILD (even) = 2*i+2
net_parse ||| Parsing line[78] =             localparam PROOT    = (i%2) ? (i-1)/2 : i/2;
net_parse ||| Parsing line[79] =             localparam PSIDE    = (i%2) ? 0 : 1;             // 0 = odd (i%2) = l_child ; 1 = even = r_child
net_parse ||| Parsing line[80] =             // Root node
net_parse ||| Parsing line[81] =             if (i == 0) begin
net_parse ||| Parsing line[82] =                 assign w_pactv[i] = 1'b1;
net_parse ||| Parsing line[83] =                 assign w_field_lru_nxt_bits[i] = w_pactv[i] ^ w_field_lru_cur_bits[i];
net_parse ||| Parsing line[84] =             end
net_parse ||| Parsing line[85] =             // Other nodes
net_parse ||| Parsing line[86] =             else begin
net_parse ||| Parsing line[87] =                 assign w_field_lru_nxt_bits[i] = w_pactv[i] ^ w_field_lru_cur_bits[i];
net_parse ||| Parsing line[88] =                 if (PSIDE) begin
net_parse ||| Parsing line[89] =                     assign w_pactv[i] = w_field_lru_cur_bits[PROOT] & w_pactv[PROOT];
net_parse ||| Parsing line[90] =                 end
net_parse ||| Parsing line[91] =                 else begin
net_parse ||| Parsing line[92] =                     assign w_pactv[i] = ~w_field_lru_cur_bits[PROOT] & w_pactv[PROOT];
net_parse ||| Parsing line[93] =                 end
net_parse ||| Parsing line[94] =             end
net_parse ||| Parsing line[95] =         end
net_parse ||| Parsing line[96] =     endgenerate
net_parse ||| Parsing line[97] =     
net_parse ||| Parsing line[98] =     // Tree generation for lru_nxt computation
net_parse ||| Parsing line[99] =     generate
net_parse ||| Parsing line[100] =         for (i = 0; i < NODES; i = i+1) begin       :   gen_lru_nxt_setup
net_parse ||| Parsing line[101] =             // L_CHILD (odd) = 2*i+1 ; R_CHILD (even) = 2*i+2
net_parse ||| Parsing line[102] =             localparam NROOT    = (i%2) ? (i-1)/2 : i/2;
net_parse ||| Parsing line[103] =             localparam NSIDE    = (i%2) ? 0 : 1;             // 0 = odd = l_child ; 1 = even = r_child
net_parse ||| Parsing line[104] =             // Root node
net_parse ||| Parsing line[105] =             if (i == 0) begin
net_parse ||| Parsing line[106] =                 assign w_nactv[i] = 1'b1;
net_parse ||| Parsing line[107] =                 assign w_tbits[i] = ~w_field_lru_cur_bits[i];
net_parse ||| Parsing line[108] =             end
net_parse ||| Parsing line[109] =             // Other nodes
net_parse ||| Parsing line[110] =             else begin
net_parse ||| Parsing line[111] =                 assign w_tbits[i] = w_nactv[i] & w_field_lru_cur_bits[i];
net_parse ||| Parsing line[112] =                 // Because the top most root node has its cur_bits flipped, the succeding stage nodes flip left-right
net_parse ||| Parsing line[113] =                 // Hence the speacial case for nodes 1 and 2 who are children of node 0 (root)
net_parse ||| Parsing line[114] =                 // All other nodes below stage 1 follow the regular patter determined solely by NSIDE
net_parse ||| Parsing line[115] =                 if ((NSIDE && i != 2) || i == 1) begin
net_parse ||| Parsing line[116] =                     assign w_nactv[i] = w_field_lru_cur_bits[NROOT] & w_nactv[NROOT];
net_parse ||| Parsing line[117] =                 end
net_parse ||| Parsing line[118] =                 else begin
net_parse ||| Parsing line[119] =                     assign w_nactv[i] = ~w_field_lru_cur_bits[NROOT] & w_nactv[NROOT];
net_parse ||| Parsing line[120] =                 end
net_parse ||| Parsing line[121] =             end
net_parse ||| Parsing line[122] =         end
net_parse ||| Parsing line[123] =     endgenerate
net_parse ||| Parsing line[124] =     
net_parse ||| Parsing line[125] = endmodule
net_parse ||| Parsing line[0] = `timescale 1ns / 1ps
net_parse ||| Parsing line[1] = //////////////////////////////////////////////////////////////////////////////////
net_parse ||| Parsing line[2] = // Company: 
net_parse ||| Parsing line[3] = // Engineer: 
net_parse ||| Parsing line[4] = // 
net_parse ||| Parsing line[5] = // Create Date: 17.10.2025 13:40:27
net_parse ||| Parsing line[6] = // Design Name: 
net_parse ||| Parsing line[7] = // Module Name: field_table
net_parse ||| Parsing line[8] = // Project Name: 
net_parse ||| Parsing line[9] = // Target Devices: 
net_parse ||| Parsing line[10] = // Tool Versions: 
net_parse ||| Parsing line[11] = // Description: 
net_parse ||| Parsing line[12] = // 
net_parse ||| Parsing line[13] = // Dependencies: 
net_parse ||| Parsing line[14] = // 
net_parse ||| Parsing line[15] = // Revision:
net_parse ||| Parsing line[16] = // Revision 0.01 - File Created
net_parse ||| Parsing line[17] = // Additional Comments:
net_parse ||| Parsing line[18] = // 
net_parse ||| Parsing line[19] = //////////////////////////////////////////////////////////////////////////////////
net_parse ||| Parsing line[20] = 
net_parse ||| Parsing line[21] = 
net_parse ||| Parsing line[22] = module field_table #(
net_parse ||| Parsing line[23] =         //parameter BRAM_EN               = 0,
net_parse ||| Parsing line[24] =         parameter ASSOC                 = 4,
net_parse ||| Parsing line[25] =         parameter SETS                  = 512,
net_parse ||| Parsing line[26] =         parameter DATA_W                = 32,
net_parse ||| Parsing line[27] =         parameter ATAG_W                = 10,
net_parse ||| Parsing line[28] =         parameter PTAG_W                = 10,
net_parse ||| Parsing line[29] =         //localparam NODES                = ASSOC-1,
net_parse ||| Parsing line[30] =         localparam SET_W                = $clog2(SETS),
net_parse ||| Parsing line[31] =         localparam ASSOC_W              = $clog2(ASSOC)
net_parse ||| Parsing line[32] =     )(
net_parse ||| Parsing line[33] =         input wire                          i_clk,
net_parse ||| Parsing line[34] =         //input wire                          i_cb_clk,
net_parse ||| Parsing line[35] =         input wire                          i_rst,
net_parse ||| Parsing line[36] =         input wire  [ATAG_W-1:0]            i_field_atag,
net_parse ||| Parsing line[37] =         input wire  [ASSOC_W-1:0]           i_field_lru,
net_parse ||| Parsing line[38] =         input wire  [SET_W-1:0]             i_rd_addr,
net_parse ||| Parsing line[39] =         input wire  [SET_W+ASSOC_W-1:0]     i_wr_addr,
net_parse ||| Parsing line[40] =         input wire  [DATA_W-1:0]            i_wr_data,
net_parse ||| Parsing line[41] =         input wire                          i_wr_en,
net_parse ||| Parsing line[42] =         
net_parse ||| Parsing line[43] =         //output wire [SET_W-1:0]             o_cb_set,
net_parse ||| Parsing line[44] =         //output wire                         o_comp_miss,
net_parse ||| Parsing line[45] =         output wire [ASSOC-1:0]             o_comp_hit,
net_parse ||| Parsing line[46] =         output wire [PTAG_W-1:0]            o_comp_lru_ptag,
net_parse ||| Parsing line[47] =         output wire [ASSOC-1:0][PTAG_W-1:0] o_comp_ptag
net_parse ||| Parsing line[48] =         //output wire [ASSOC-1:0][DATA_W-1:0] o_rd_data
net_parse ||| Parsing line[49] =     );
net_parse ||| Parsing line[50] =     
net_parse ||| Parsing line[51] =     wire    [ASSOC_W-1:0]               w_field_lru;
net_parse ||| Parsing line[52] =     wire    [ASSOC-1:0][ATAG_W-1:0]     w_field_atag;
net_parse ||| Parsing line[53] =     wire    [ASSOC-1:0][PTAG_W-1:0]     w_field_ptag;
net_parse ||| Parsing line[54] =     wire    [ASSOC-1:0]                 w_tag_hit;
net_parse ||| Parsing line[55] =     //wire                                w_tag_miss;
net_parse ||| Parsing line[56] =     
net_parse ||| Parsing line[57] =     //reg     [SET_W-1:0]                 r_cb_set;
net_parse ||| Parsing line[58] =     //reg     [ASSOC-1:0][PTAG_W-1:0]     r_field_ptag;
net_parse ||| Parsing line[59] =     //reg     [ASSOC-1:0]                 r_tag_hit;
net_parse ||| Parsing line[60] =     //reg                                 r_tag_miss;
net_parse ||| Parsing line[61] =     
net_parse ||| Parsing line[62] =     genvar i;
net_parse ||| Parsing line[63] =     
net_parse ||| Parsing line[64] =     assign w_field_lru = i_field_lru;
net_parse ||| Parsing line[65] =     //assign w_tag_miss = ~(|w_tag_hit);
net_parse ||| Parsing line[66] =     
net_parse ||| Parsing line[67] =     generate
net_parse ||| Parsing line[68] =         for (i = 0; i < ASSOC; i = i+1) begin           :   gen_tag_hits
net_parse ||| Parsing line[69] =             assign w_tag_hit[i] = (w_field_atag[i] == i_field_atag) ? 1'b1 : 1'b0;
net_parse ||| Parsing line[70] =         end
net_parse ||| Parsing line[71] =     endgenerate
net_parse ||| Parsing line[72] =     
net_parse ||| Parsing line[73] =     //initial begin
net_parse ||| Parsing line[74] =     //    r_cb_set = 'b0;
net_parse ||| Parsing line[75] =     //    r_field_ptag = 'b0;
net_parse ||| Parsing line[76] =     //    r_tag_hit = 'b0;
net_parse ||| Parsing line[77] =     //    r_tag_miss = 'b0;
net_parse ||| Parsing line[78] =     //end
net_parse ||| Parsing line[79] =     
net_parse ||| Parsing line[80] =     //always @(posedge i_cb_clk) begin
net_parse ||| Parsing line[81] =     //    r_cb_set <= i_rd_addr;
net_parse ||| Parsing line[82] =     //    r_field_ptag <= w_field_ptag;
net_parse ||| Parsing line[83] =     //    r_tag_hit <= w_tag_hit;
net_parse ||| Parsing line[84] =     //    r_tag_miss <= w_tag_miss;
net_parse ||| Parsing line[85] =     //end
net_parse ||| Parsing line[86] =     
net_parse ||| Parsing line[87] =     assign o_comp_hit = w_tag_hit;
net_parse ||| Parsing line[88] =     //assign o_comp_miss = w_tag_miss;
net_parse ||| Parsing line[89] =     assign o_comp_lru_ptag = w_field_ptag[w_field_lru];
net_parse ||| Parsing line[90] =     assign o_comp_ptag = w_field_ptag;
net_parse ||| Parsing line[91] =     
net_parse ||| Parsing line[92] = `ifndef SIMLIB_VERILATOR
net_parse ||| Parsing line[93] =     generate
net_parse ||| Parsing line[94] = 	    ///////////////////////////////////////////////////////////////////////
net_parse ||| Parsing line[95] = 		//  READ_WIDTH | BRAM_SIZE | READ Depth  | RDADDR Width |            //
net_parse ||| Parsing line[96] = 		// WRITE_WIDTH |           | WRITE Depth | WRADDR Width |  WE Width  //
net_parse ||| Parsing line[97] = 		// ============|===========|=============|==============|============//
net_parse ||| Parsing line[98] = 		//    37-72    |  "36Kb"   |      512    |     9-bit    |    8-bit   //
net_parse ||| Parsing line[99] = 		//    19-36    |  "36Kb"   |     1024    |    10-bit    |    4-bit   //
net_parse ||| Parsing line[100] = 		//    19-36    |  "18Kb"   |      512    |     9-bit    |    4-bit   //
net_parse ||| Parsing line[101] = 		//    10-18    |  "36Kb"   |     2048    |    11-bit    |    2-bit   //
net_parse ||| Parsing line[102] = 		//    10-18    |  "18Kb"   |     1024    |    10-bit    |    2-bit   //
net_parse ||| Parsing line[103] = 		//     5-9     |  "36Kb"   |     4096    |    12-bit    |    1-bit   //
net_parse ||| Parsing line[104] = 		//     5-9     |  "18Kb"   |     2048    |    11-bit    |    1-bit   //
net_parse ||| Parsing line[105] = 		//     3-4     |  "36Kb"   |     8192    |    13-bit    |    1-bit   //
net_parse ||| Parsing line[106] = 		//     3-4     |  "18Kb"   |     4096    |    12-bit    |    1-bit   //
net_parse ||| Parsing line[107] = 		//       2     |  "36Kb"   |    16384    |    14-bit    |    1-bit   //
net_parse ||| Parsing line[108] = 		//       2     |  "18Kb"   |     8192    |    13-bit    |    1-bit   //
net_parse ||| Parsing line[109] = 		//       1     |  "36Kb"   |    32768    |    15-bit    |    1-bit   //
net_parse ||| Parsing line[110] = 		//       1     |  "18Kb"   |    16384    |    14-bit    |    1-bit   //
net_parse ||| Parsing line[111] = 		///////////////////////////////////////////////////////////////////////
net_parse ||| Parsing line[112] = 		   	
net_parse ||| Parsing line[113] = 		localparam BRAM_SIZE    = (SETS > 512) ? "36Kb" : "18Kb";
net_parse ||| Parsing line[114] = 		localparam WRITE_WIDTH  = DATA_W;
net_parse ||| Parsing line[115] = 		localparam READ_WIDTH   = DATA_W;
net_parse ||| Parsing line[116] = 		localparam WRADDR_WIDTH = (SETS > 512) ? 10 : 9;
net_parse ||| Parsing line[117] = 		localparam RDADDR_WIDTH = (SETS > 512) ? 10 : 9;
net_parse ||| Parsing line[118] = 		localparam WEN_WIDTH    = 4;
net_parse ||| Parsing line[119] = 		localparam WRITE_MODE   = "READ_FIRST";
net_parse ||| Parsing line[120] = 	       
net_parse ||| Parsing line[121] = 		wire    [RDADDR_WIDTH-1:0]             w_rd_set_sel;
net_parse ||| Parsing line[122] = 		wire    [WRADDR_WIDTH-1:0]             w_wr_set_sel;
net_parse ||| Parsing line[123] = 		wire    [ASSOC_W-1:0]                  w_wr_line_sel;
net_parse ||| Parsing line[124] = 		wire    [ASSOC-1:0]                    w_line_sel;
net_parse ||| Parsing line[125] = 		wire    [ASSOC-1:0][WEN_WIDTH-1:0]     w_line_wen;
net_parse ||| Parsing line[126] = 		wire    [ASSOC-1:0][READ_WIDTH-1:0]    w_set_rd;
net_parse ||| Parsing line[127] = 		wire    [WRITE_WIDTH-1:0]              w_line_wr;
net_parse ||| Parsing line[128] = 		   
net_parse ||| Parsing line[129] = 		assign w_rd_set_sel = i_rd_addr;
net_parse ||| Parsing line[130] = 		assign w_wr_set_sel = i_wr_addr[ASSOC_W +: SET_W];
net_parse ||| Parsing line[131] = 		assign w_wr_line_sel = i_wr_addr[0 +: ASSOC_W];
net_parse ||| Parsing line[132] = 		assign w_line_sel = i_wr_en << w_wr_line_sel;
net_parse ||| Parsing line[133] = 		assign w_line_wr = i_wr_data;
net_parse ||| Parsing line[134] = 		   
net_parse ||| Parsing line[135] = 		for (i = 0; i < ASSOC; i = i+1) begin                       :       gen_table
net_parse ||| Parsing line[136] = 			assign w_field_atag[i] = w_set_rd[i][0 +: ATAG_W];
net_parse ||| Parsing line[137] = 			assign w_field_ptag[i] = w_set_rd[i][ATAG_W +: PTAG_W];
net_parse ||| Parsing line[138] = 			assign w_line_wen[i] = {WEN_WIDTH{w_line_sel[i]}};
net_parse ||| Parsing line[139] = 	            
net_parse ||| Parsing line[140] = 			BRAM_SDP_MACRO #(
net_parse ||| Parsing line[141] = 				.BRAM_SIZE(BRAM_SIZE), // Target BRAM, "18Kb" or "36Kb"
net_parse ||| Parsing line[142] = 				.DEVICE("7SERIES"), // Target device: "7SERIES"
net_parse ||| Parsing line[143] = 				.WRITE_WIDTH(WRITE_WIDTH),    // Valid values are 1-72 (37-72 only valid when BRAM_SIZE="36Kb")
net_parse ||| Parsing line[144] = 				.READ_WIDTH(READ_WIDTH),     // Valid values are 1-72 (37-72 only valid when BRAM_SIZE="36Kb")
net_parse ||| Parsing line[145] = 				.DO_REG(0),         // Optional output register (0 or 1)
net_parse ||| Parsing line[146] = 				.INIT_FILE ("NONE"),
net_parse ||| Parsing line[147] = 				.SIM_COLLISION_CHECK ("ALL"), // Collision check enable "ALL", "WARNING_ONLY",
net_parse ||| Parsing line[148] = 												//   "GENERATE_X_ONLY" or "NONE"
net_parse ||| Parsing line[149] = 				.SRVAL(72'h000000000000000000), // Set/Reset value for port output
net_parse ||| Parsing line[150] = 				.INIT(72'h000000000000000000),  // Initial values on output port
net_parse ||| Parsing line[151] = 				.WRITE_MODE(WRITE_MODE),  // Specify "READ_FIRST" for same clock or synchronous clocks
net_parse ||| Parsing line[152] = 												//   Specify "WRITE_FIRST for asynchronous clocks on ports
net_parse ||| Parsing line[153] = 				.INIT_00(256'h0000000000000000000000000000000000000000000000000000000000000000),
net_parse ||| Parsing line[154] = 				.INIT_01(256'h0000000000000000000000000000000000000000000000000000000000000000),
net_parse ||| Parsing line[155] = 				.INIT_02(256'h0000000000000000000000000000000000000000000000000000000000000000),
net_parse ||| Parsing line[156] = 				.INIT_03(256'h0000000000000000000000000000000000000000000000000000000000000000),
net_parse ||| Parsing line[157] = 				.INIT_04(256'h0000000000000000000000000000000000000000000000000000000000000000),
net_parse ||| Parsing line[158] = 				.INIT_05(256'h0000000000000000000000000000000000000000000000000000000000000000),
net_parse ||| Parsing line[159] = 				.INIT_06(256'h0000000000000000000000000000000000000000000000000000000000000000),
net_parse ||| Parsing line[160] = 				.INIT_07(256'h0000000000000000000000000000000000000000000000000000000000000000),
net_parse ||| Parsing line[161] = 				.INIT_08(256'h0000000000000000000000000000000000000000000000000000000000000000),
net_parse ||| Parsing line[162] = 				.INIT_09(256'h0000000000000000000000000000000000000000000000000000000000000000),
net_parse ||| Parsing line[163] = 				.INIT_0A(256'h0000000000000000000000000000000000000000000000000000000000000000),
net_parse ||| Parsing line[164] = 				.INIT_0B(256'h0000000000000000000000000000000000000000000000000000000000000000),
net_parse ||| Parsing line[165] = 				.INIT_0C(256'h0000000000000000000000000000000000000000000000000000000000000000),
net_parse ||| Parsing line[166] = 				.INIT_0D(256'h0000000000000000000000000000000000000000000000000000000000000000),
net_parse ||| Parsing line[167] = 				.INIT_0E(256'h0000000000000000000000000000000000000000000000000000000000000000),
net_parse ||| Parsing line[168] = 				.INIT_0F(256'h0000000000000000000000000000000000000000000000000000000000000000),
net_parse ||| Parsing line[169] = 				.INIT_10(256'h0000000000000000000000000000000000000000000000000000000000000000),
net_parse ||| Parsing line[170] = 				.INIT_11(256'h0000000000000000000000000000000000000000000000000000000000000000),
net_parse ||| Parsing line[171] = 				.INIT_12(256'h0000000000000000000000000000000000000000000000000000000000000000),
net_parse ||| Parsing line[172] = 				.INIT_13(256'h0000000000000000000000000000000000000000000000000000000000000000),
net_parse ||| Parsing line[173] = 				.INIT_14(256'h0000000000000000000000000000000000000000000000000000000000000000),
net_parse ||| Parsing line[174] = 				.INIT_15(256'h0000000000000000000000000000000000000000000000000000000000000000),
net_parse ||| Parsing line[175] = 				.INIT_16(256'h0000000000000000000000000000000000000000000000000000000000000000),
net_parse ||| Parsing line[176] = 				.INIT_17(256'h0000000000000000000000000000000000000000000000000000000000000000),
net_parse ||| Parsing line[177] = 				.INIT_18(256'h0000000000000000000000000000000000000000000000000000000000000000),
net_parse ||| Parsing line[178] = 				.INIT_19(256'h0000000000000000000000000000000000000000000000000000000000000000),
net_parse ||| Parsing line[179] = 				.INIT_1A(256'h0000000000000000000000000000000000000000000000000000000000000000),
net_parse ||| Parsing line[180] = 				.INIT_1B(256'h0000000000000000000000000000000000000000000000000000000000000000),
net_parse ||| Parsing line[181] = 				.INIT_1C(256'h0000000000000000000000000000000000000000000000000000000000000000),
net_parse ||| Parsing line[182] = 				.INIT_1D(256'h0000000000000000000000000000000000000000000000000000000000000000),
net_parse ||| Parsing line[183] = 				.INIT_1E(256'h0000000000000000000000000000000000000000000000000000000000000000),
net_parse ||| Parsing line[184] = 				.INIT_1F(256'h0000000000000000000000000000000000000000000000000000000000000000),
net_parse ||| Parsing line[185] = 				.INIT_20(256'h0000000000000000000000000000000000000000000000000000000000000000),
net_parse ||| Parsing line[186] = 				.INIT_21(256'h0000000000000000000000000000000000000000000000000000000000000000),
net_parse ||| Parsing line[187] = 				.INIT_22(256'h0000000000000000000000000000000000000000000000000000000000000000),
net_parse ||| Parsing line[188] = 				.INIT_23(256'h0000000000000000000000000000000000000000000000000000000000000000),
net_parse ||| Parsing line[189] = 				.INIT_24(256'h0000000000000000000000000000000000000000000000000000000000000000),
net_parse ||| Parsing line[190] = 				.INIT_25(256'h0000000000000000000000000000000000000000000000000000000000000000),
net_parse ||| Parsing line[191] = 				.INIT_26(256'h0000000000000000000000000000000000000000000000000000000000000000),
net_parse ||| Parsing line[192] = 				.INIT_27(256'h0000000000000000000000000000000000000000000000000000000000000000),
net_parse ||| Parsing line[193] = 				.INIT_28(256'h0000000000000000000000000000000000000000000000000000000000000000),
net_parse ||| Parsing line[194] = 				.INIT_29(256'h0000000000000000000000000000000000000000000000000000000000000000),
net_parse ||| Parsing line[195] = 				.INIT_2A(256'h0000000000000000000000000000000000000000000000000000000000000000),
net_parse ||| Parsing line[196] = 				.INIT_2B(256'h0000000000000000000000000000000000000000000000000000000000000000),
net_parse ||| Parsing line[197] = 				.INIT_2C(256'h0000000000000000000000000000000000000000000000000000000000000000),
net_parse ||| Parsing line[198] = 				.INIT_2D(256'h0000000000000000000000000000000000000000000000000000000000000000),
net_parse ||| Parsing line[199] = 				.INIT_2E(256'h0000000000000000000000000000000000000000000000000000000000000000),
net_parse ||| Parsing line[200] = 				.INIT_2F(256'h0000000000000000000000000000000000000000000000000000000000000000),
net_parse ||| Parsing line[201] = 				.INIT_30(256'h0000000000000000000000000000000000000000000000000000000000000000),
net_parse ||| Parsing line[202] = 				.INIT_31(256'h0000000000000000000000000000000000000000000000000000000000000000),
net_parse ||| Parsing line[203] = 				.INIT_32(256'h0000000000000000000000000000000000000000000000000000000000000000),
net_parse ||| Parsing line[204] = 				.INIT_33(256'h0000000000000000000000000000000000000000000000000000000000000000),
net_parse ||| Parsing line[205] = 				.INIT_34(256'h0000000000000000000000000000000000000000000000000000000000000000),
net_parse ||| Parsing line[206] = 				.INIT_35(256'h0000000000000000000000000000000000000000000000000000000000000000),
net_parse ||| Parsing line[207] = 				.INIT_36(256'h0000000000000000000000000000000000000000000000000000000000000000),
net_parse ||| Parsing line[208] = 				.INIT_37(256'h0000000000000000000000000000000000000000000000000000000000000000),
net_parse ||| Parsing line[209] = 				.INIT_38(256'h0000000000000000000000000000000000000000000000000000000000000000),
net_parse ||| Parsing line[210] = 				.INIT_39(256'h0000000000000000000000000000000000000000000000000000000000000000),
net_parse ||| Parsing line[211] = 				.INIT_3A(256'h0000000000000000000000000000000000000000000000000000000000000000),
net_parse ||| Parsing line[212] = 				.INIT_3B(256'h0000000000000000000000000000000000000000000000000000000000000000),
net_parse ||| Parsing line[213] = 				.INIT_3C(256'h0000000000000000000000000000000000000000000000000000000000000000),
net_parse ||| Parsing line[214] = 				.INIT_3D(256'h0000000000000000000000000000000000000000000000000000000000000000),
net_parse ||| Parsing line[215] = 				.INIT_3E(256'h0000000000000000000000000000000000000000000000000000000000000000),
net_parse ||| Parsing line[216] = 				.INIT_3F(256'h0000000000000000000000000000000000000000000000000000000000000000),
net_parse ||| Parsing line[217] = 				
net_parse ||| Parsing line[218] = 				// The next set of INIT_xx are valid when configured as 36Kb
net_parse ||| Parsing line[219] = 				.INIT_40(256'h0000000000000000000000000000000000000000000000000000000000000000),
net_parse ||| Parsing line[220] = 				.INIT_41(256'h0000000000000000000000000000000000000000000000000000000000000000),
net_parse ||| Parsing line[221] = 				.INIT_42(256'h0000000000000000000000000000000000000000000000000000000000000000),
net_parse ||| Parsing line[222] = 				.INIT_43(256'h0000000000000000000000000000000000000000000000000000000000000000),
net_parse ||| Parsing line[223] = 				.INIT_44(256'h0000000000000000000000000000000000000000000000000000000000000000),
net_parse ||| Parsing line[224] = 				.INIT_45(256'h0000000000000000000000000000000000000000000000000000000000000000),
net_parse ||| Parsing line[225] = 				.INIT_46(256'h0000000000000000000000000000000000000000000000000000000000000000),
net_parse ||| Parsing line[226] = 				.INIT_47(256'h0000000000000000000000000000000000000000000000000000000000000000),
net_parse ||| Parsing line[227] = 				.INIT_48(256'h0000000000000000000000000000000000000000000000000000000000000000),
net_parse ||| Parsing line[228] = 				.INIT_49(256'h0000000000000000000000000000000000000000000000000000000000000000),
net_parse ||| Parsing line[229] = 				.INIT_4A(256'h0000000000000000000000000000000000000000000000000000000000000000),
net_parse ||| Parsing line[230] = 				.INIT_4B(256'h0000000000000000000000000000000000000000000000000000000000000000),
net_parse ||| Parsing line[231] = 				.INIT_4C(256'h0000000000000000000000000000000000000000000000000000000000000000),
net_parse ||| Parsing line[232] = 				.INIT_4D(256'h0000000000000000000000000000000000000000000000000000000000000000),
net_parse ||| Parsing line[233] = 				.INIT_4E(256'h0000000000000000000000000000000000000000000000000000000000000000),
net_parse ||| Parsing line[234] = 				.INIT_4F(256'h0000000000000000000000000000000000000000000000000000000000000000),
net_parse ||| Parsing line[235] = 				.INIT_50(256'h0000000000000000000000000000000000000000000000000000000000000000),
net_parse ||| Parsing line[236] = 				.INIT_51(256'h0000000000000000000000000000000000000000000000000000000000000000),
net_parse ||| Parsing line[237] = 				.INIT_52(256'h0000000000000000000000000000000000000000000000000000000000000000),
net_parse ||| Parsing line[238] = 				.INIT_53(256'h0000000000000000000000000000000000000000000000000000000000000000),
net_parse ||| Parsing line[239] = 				.INIT_54(256'h0000000000000000000000000000000000000000000000000000000000000000),
net_parse ||| Parsing line[240] = 				.INIT_55(256'h0000000000000000000000000000000000000000000000000000000000000000),
net_parse ||| Parsing line[241] = 				.INIT_56(256'h0000000000000000000000000000000000000000000000000000000000000000),
net_parse ||| Parsing line[242] = 				.INIT_57(256'h0000000000000000000000000000000000000000000000000000000000000000),
net_parse ||| Parsing line[243] = 				.INIT_58(256'h0000000000000000000000000000000000000000000000000000000000000000),
net_parse ||| Parsing line[244] = 				.INIT_59(256'h0000000000000000000000000000000000000000000000000000000000000000),
net_parse ||| Parsing line[245] = 				.INIT_5A(256'h0000000000000000000000000000000000000000000000000000000000000000),
net_parse ||| Parsing line[246] = 				.INIT_5B(256'h0000000000000000000000000000000000000000000000000000000000000000),
net_parse ||| Parsing line[247] = 				.INIT_5C(256'h0000000000000000000000000000000000000000000000000000000000000000),
net_parse ||| Parsing line[248] = 				.INIT_5D(256'h0000000000000000000000000000000000000000000000000000000000000000),
net_parse ||| Parsing line[249] = 				.INIT_5E(256'h0000000000000000000000000000000000000000000000000000000000000000),
net_parse ||| Parsing line[250] = 				.INIT_5F(256'h0000000000000000000000000000000000000000000000000000000000000000),
net_parse ||| Parsing line[251] = 				.INIT_60(256'h0000000000000000000000000000000000000000000000000000000000000000),
net_parse ||| Parsing line[252] = 				.INIT_61(256'h0000000000000000000000000000000000000000000000000000000000000000),
net_parse ||| Parsing line[253] = 				.INIT_62(256'h0000000000000000000000000000000000000000000000000000000000000000),
net_parse ||| Parsing line[254] = 				.INIT_63(256'h0000000000000000000000000000000000000000000000000000000000000000),
net_parse ||| Parsing line[255] = 				.INIT_64(256'h0000000000000000000000000000000000000000000000000000000000000000),
net_parse ||| Parsing line[256] = 				.INIT_65(256'h0000000000000000000000000000000000000000000000000000000000000000),
net_parse ||| Parsing line[257] = 				.INIT_66(256'h0000000000000000000000000000000000000000000000000000000000000000),
net_parse ||| Parsing line[258] = 				.INIT_67(256'h0000000000000000000000000000000000000000000000000000000000000000),
net_parse ||| Parsing line[259] = 				.INIT_68(256'h0000000000000000000000000000000000000000000000000000000000000000),
net_parse ||| Parsing line[260] = 				.INIT_69(256'h0000000000000000000000000000000000000000000000000000000000000000),
net_parse ||| Parsing line[261] = 				.INIT_6A(256'h0000000000000000000000000000000000000000000000000000000000000000),
net_parse ||| Parsing line[262] = 				.INIT_6B(256'h0000000000000000000000000000000000000000000000000000000000000000),
net_parse ||| Parsing line[263] = 				.INIT_6C(256'h0000000000000000000000000000000000000000000000000000000000000000),
net_parse ||| Parsing line[264] = 				.INIT_6D(256'h0000000000000000000000000000000000000000000000000000000000000000),
net_parse ||| Parsing line[265] = 				.INIT_6E(256'h0000000000000000000000000000000000000000000000000000000000000000),
net_parse ||| Parsing line[266] = 				.INIT_6F(256'h0000000000000000000000000000000000000000000000000000000000000000),
net_parse ||| Parsing line[267] = 				.INIT_70(256'h0000000000000000000000000000000000000000000000000000000000000000),
net_parse ||| Parsing line[268] = 				.INIT_71(256'h0000000000000000000000000000000000000000000000000000000000000000),
net_parse ||| Parsing line[269] = 				.INIT_72(256'h0000000000000000000000000000000000000000000000000000000000000000),
net_parse ||| Parsing line[270] = 				.INIT_73(256'h0000000000000000000000000000000000000000000000000000000000000000),
net_parse ||| Parsing line[271] = 				.INIT_74(256'h0000000000000000000000000000000000000000000000000000000000000000),
net_parse ||| Parsing line[272] = 				.INIT_75(256'h0000000000000000000000000000000000000000000000000000000000000000),
net_parse ||| Parsing line[273] = 				.INIT_76(256'h0000000000000000000000000000000000000000000000000000000000000000),
net_parse ||| Parsing line[274] = 				.INIT_77(256'h0000000000000000000000000000000000000000000000000000000000000000),
net_parse ||| Parsing line[275] = 				.INIT_78(256'h0000000000000000000000000000000000000000000000000000000000000000),
net_parse ||| Parsing line[276] = 				.INIT_79(256'h0000000000000000000000000000000000000000000000000000000000000000),
net_parse ||| Parsing line[277] = 				.INIT_7A(256'h0000000000000000000000000000000000000000000000000000000000000000),
net_parse ||| Parsing line[278] = 				.INIT_7B(256'h0000000000000000000000000000000000000000000000000000000000000000),
net_parse ||| Parsing line[279] = 				.INIT_7C(256'h0000000000000000000000000000000000000000000000000000000000000000),
net_parse ||| Parsing line[280] = 				.INIT_7D(256'h0000000000000000000000000000000000000000000000000000000000000000),
net_parse ||| Parsing line[281] = 				.INIT_7E(256'h0000000000000000000000000000000000000000000000000000000000000000),
net_parse ||| Parsing line[282] = 				.INIT_7F(256'h0000000000000000000000000000000000000000000000000000000000000000),
net_parse ||| Parsing line[283] = 				
net_parse ||| Parsing line[284] = 				// The next set of INITP_xx are for the parity bits
net_parse ||| Parsing line[285] = 				.INITP_00(256'h0000000000000000000000000000000000000000000000000000000000000000),
net_parse ||| Parsing line[286] = 				.INITP_01(256'h0000000000000000000000000000000000000000000000000000000000000000),
net_parse ||| Parsing line[287] = 				.INITP_02(256'h0000000000000000000000000000000000000000000000000000000000000000),
net_parse ||| Parsing line[288] = 				.INITP_03(256'h0000000000000000000000000000000000000000000000000000000000000000),
net_parse ||| Parsing line[289] = 				.INITP_04(256'h0000000000000000000000000000000000000000000000000000000000000000),
net_parse ||| Parsing line[290] = 				.INITP_05(256'h0000000000000000000000000000000000000000000000000000000000000000),
net_parse ||| Parsing line[291] = 				.INITP_06(256'h0000000000000000000000000000000000000000000000000000000000000000),
net_parse ||| Parsing line[292] = 				.INITP_07(256'h0000000000000000000000000000000000000000000000000000000000000000),
net_parse ||| Parsing line[293] = 				
net_parse ||| Parsing line[294] = 				// The next set of INITP_xx are valid when configured as 36Kb
net_parse ||| Parsing line[295] = 				.INITP_08(256'h0000000000000000000000000000000000000000000000000000000000000000),
net_parse ||| Parsing line[296] = 				.INITP_09(256'h0000000000000000000000000000000000000000000000000000000000000000),
net_parse ||| Parsing line[297] = 				.INITP_0A(256'h0000000000000000000000000000000000000000000000000000000000000000),
net_parse ||| Parsing line[298] = 				.INITP_0B(256'h0000000000000000000000000000000000000000000000000000000000000000),
net_parse ||| Parsing line[299] = 				.INITP_0C(256'h0000000000000000000000000000000000000000000000000000000000000000),
net_parse ||| Parsing line[300] = 				.INITP_0D(256'h0000000000000000000000000000000000000000000000000000000000000000),
net_parse ||| Parsing line[301] = 				.INITP_0E(256'h0000000000000000000000000000000000000000000000000000000000000000),
net_parse ||| Parsing line[302] = 				.INITP_0F(256'h0000000000000000000000000000000000000000000000000000000000000000)
net_parse ||| Parsing line[303] = 			) BRAM_SDP_MACRO_inst (
net_parse ||| Parsing line[304] = 				.DO(w_set_rd[i]),         // Output read data port, width defined by READ_WIDTH parameter
net_parse ||| Parsing line[305] = 				.DI(w_line_wr),         // Input write data port, width defined by WRITE_WIDTH parameter
net_parse ||| Parsing line[306] = 				.RDADDR(w_rd_set_sel), // Input read address, width defined by read port depth
net_parse ||| Parsing line[307] = 				.RDCLK(i_clk),   // 1-bit input read clock
net_parse ||| Parsing line[308] = 				.RDEN(1'b1),     // 1-bit input read port enable
net_parse ||| Parsing line[309] = 				.REGCE(1'b0),   // 1-bit input read output register enable
net_parse ||| Parsing line[310] = 				.RST(i_rst),       // 1-bit input reset
net_parse ||| Parsing line[311] = 				.WE(w_line_wen[i]),         // Input write enable, width defined by write port depth
net_parse ||| Parsing line[312] = 				.WRADDR(w_wr_set_sel), // Input write address, width defined by write port depth
net_parse ||| Parsing line[313] = 				.WRCLK(i_clk),   // 1-bit input write clock
net_parse ||| Parsing line[314] = 				.WREN(1'b1)      // 1-bit input write port enable
net_parse ||| Parsing line[315] = 			);
net_parse ||| Parsing line[316] = 	   end
net_parse ||| Parsing line[317] =     endgenerate
net_parse ||| Parsing line[318] = `else
net_parse ||| Parsing line[319] =     integer k, m;
net_parse ||| Parsing line[320] = 	
net_parse ||| Parsing line[321] = 	wire    [SET_W-1:0]             w_wr_set;
net_parse ||| Parsing line[322] = 	wire    [ASSOC_W-1:0]           w_wr_line;
net_parse ||| Parsing line[323] = 	wire    [ASSOC-1:0][DATA_W-1:0] w_set_rd;
net_parse ||| Parsing line[324] = 	wire    [DATA_W-1:0]            w_line_wr;
net_parse ||| Parsing line[325] = 	wire    [ASSOC-1:0]             w_line_wen;
net_parse ||| Parsing line[326] = 	       
net_parse ||| Parsing line[327] = 	reg     [DATA_W-1:0]            r_field_table[0:SETS-1][0:ASSOC-1];  // State = {NODES, ASSOC_W}
net_parse ||| Parsing line[328] = 	
net_parse ||| Parsing line[329] = 	for (i = 0; i < ASSOC; i = i+1) begin
net_parse ||| Parsing line[330] = 	   assign w_set_rd[i] = r_field_table[i_rd_addr][i];
net_parse ||| Parsing line[331] = 	   assign w_field_atag[i] = w_set_rd[i][0 +: ATAG_W];
net_parse ||| Parsing line[332] = 	   assign w_field_ptag[i] = w_set_rd[i][ATAG_W +: PTAG_W];
net_parse ||| Parsing line[333] =     end
net_parse ||| Parsing line[334] = 	       
net_parse ||| Parsing line[335] = 	assign w_wr_set = i_wr_addr[ASSOC_W +: SET_W];
net_parse ||| Parsing line[336] = 	assign w_wr_line = i_wr_addr[0 +: ASSOC_W];
net_parse ||| Parsing line[337] = 	assign w_line_wr = i_wr_data;
net_parse ||| Parsing line[338] = 	assign w_line_wen = i_wr_en << w_wr_line;
net_parse ||| Parsing line[339] = 	   
net_parse ||| Parsing line[340] = 	always @(posedge i_clk) begin
net_parse ||| Parsing line[341] = 	   for (k = 0; k < SETS; k = k+1) begin
net_parse ||| Parsing line[342] = 	       for (m = 0; m < ASSOC; m = m+1) begin
net_parse ||| Parsing line[343] = 	           r_field_table[k][m] <= (i_rst) ? 'b0 : (w_line_wen[m] && w_wr_set == k) ? w_line_wr : r_field_table[k][m];
net_parse ||| Parsing line[344] = 	       end
net_parse ||| Parsing line[345] = 	   end
net_parse ||| Parsing line[346] = 	end  
net_parse ||| Parsing line[347] = `endif
net_parse ||| Parsing line[348] =     
net_parse ||| Parsing line[349] = endmodule
net_parse ||| Parsing line[0] = `timescale 1ns / 1ps
net_parse ||| Parsing line[1] = //////////////////////////////////////////////////////////////////////////////////
net_parse ||| Parsing line[2] = // Company: 
net_parse ||| Parsing line[3] = // Engineer: 
net_parse ||| Parsing line[4] = // 
net_parse ||| Parsing line[5] = // Create Date: 17.10.2025 15:16:50
net_parse ||| Parsing line[6] = // Design Name: 
net_parse ||| Parsing line[7] = // Module Name: validity_table
net_parse ||| Parsing line[8] = // Project Name: 
net_parse ||| Parsing line[9] = // Target Devices: 
net_parse ||| Parsing line[10] = // Tool Versions: 
net_parse ||| Parsing line[11] = // Description: 
net_parse ||| Parsing line[12] = // 
net_parse ||| Parsing line[13] = // Dependencies: 
net_parse ||| Parsing line[14] = // 
net_parse ||| Parsing line[15] = // Revision:
net_parse ||| Parsing line[16] = // Revision 0.01 - File Created
net_parse ||| Parsing line[17] = // Additional Comments:
net_parse ||| Parsing line[18] = // 
net_parse ||| Parsing line[19] = //////////////////////////////////////////////////////////////////////////////////
net_parse ||| Parsing line[20] = 
net_parse ||| Parsing line[21] = 
net_parse ||| Parsing line[22] = module validity_table #(
net_parse ||| Parsing line[23] =         //parameter BRAM_EN           = 0,
net_parse ||| Parsing line[24] =         //parameter BLOCK_W           = 128,
net_parse ||| Parsing line[25] =         parameter ASSOC             = 4,
net_parse ||| Parsing line[26] =         parameter SETS              = 512,
net_parse ||| Parsing line[27] =         localparam ASSOC_W          = $clog2(ASSOC),
net_parse ||| Parsing line[28] =         localparam SET_W            = $clog2(SETS)
net_parse ||| Parsing line[29] =     )(
net_parse ||| Parsing line[30] =         input wire                      i_clk,
net_parse ||| Parsing line[31] =         input wire                      i_rst,
net_parse ||| Parsing line[32] = 		//input wire						i_cb_en,
net_parse ||| Parsing line[33] =         //input wire                      i_field_init,
net_parse ||| Parsing line[34] =         input wire                      i_field_stall,
net_parse ||| Parsing line[35] = 		input wire                      i_field_mshr,               // From current cycle
net_parse ||| Parsing line[36] =         input wire  [ASSOC_W-1:0]       i_field_lru,                // From current cycle
net_parse ||| Parsing line[37] =         input wire                      i_field_miss,               // From current cycle
net_parse ||| Parsing line[38] =         input wire  [SET_W-1:0]         i_rd_addr,                  // From current cycle
net_parse ||| Parsing line[39] =         input wire  [SET_W+ASSOC_W-1:0] i_wr_addr,                  // From previous cycle
net_parse ||| Parsing line[40] =         input wire                      i_wr_null,                  // When true, write is dropped, i.e., no side-effects
net_parse ||| Parsing line[41] =         input wire                      i_field_consume,            // when consume is true, miss must be true. But, not vice-versa. From previous cycle
net_parse ||| Parsing line[42] =         
net_parse ||| Parsing line[43] =         output wire                     o_field_consume,            // Output in current cycle
net_parse ||| Parsing line[44] =         //output wire                     o_field_lru_pvld,           // output in current cycle
net_parse ||| Parsing line[45] =         output wire [ASSOC-1:0]         o_field_pvld                // Output in current cycle
net_parse ||| Parsing line[46] =     );
net_parse ||| Parsing line[47] =     
net_parse ||| Parsing line[48] =     //function integer reg_rst_gen ();
net_parse ||| Parsing line[49] =     //    logic [SETS*ASSOC-1:0]    ret_val;
net_parse ||| Parsing line[50] =     //    integer f;
net_parse ||| Parsing line[51] =     //    for (f = 0; f < SETS*ASSOC; f = f+1) begin      :   reg_rst_gen_lp
net_parse ||| Parsing line[52] =     //        ret_val[f] = (f/BLOCK_W == 0) ? 1'b1 : 1'b0;
net_parse ||| Parsing line[53] =     //    end
net_parse ||| Parsing line[54] =     //    return ret_val;
net_parse ||| Parsing line[55] =     //endfunction
net_parse ||| Parsing line[56] =     
net_parse ||| Parsing line[57] =     //function integer bram_rst_gen (input integer offset);
net_parse ||| Parsing line[58] =     //    logic [255:0]    ret_val;
net_parse ||| Parsing line[59] =     //    integer f;
net_parse ||| Parsing line[60] =     //    for (f = 0; f < 256; f = f+1) begin      :   bram_rst_gen_lp
net_parse ||| Parsing line[61] =     //        ret_val[f] = ((255*offset+f)/(BLOCK_W*8) == 0) ? 1'b1 : 1'b0;
net_parse ||| Parsing line[62] =     //    end
net_parse ||| Parsing line[63] =     //    return ret_val;
net_parse ||| Parsing line[64] =     //endfunction
net_parse ||| Parsing line[65] =     
net_parse ||| Parsing line[66] =     //localparam VLD_TABLE_RST            = reg_rst_gen();
net_parse ||| Parsing line[67] =     
net_parse ||| Parsing line[68] =     wire    [ASSOC-1:0]         wo_field_pvld;
net_parse ||| Parsing line[69] =     //wire                        wo_field_lru_pvld;
net_parse ||| Parsing line[70] =     wire                        wo_field_consume;
net_parse ||| Parsing line[71] =     
net_parse ||| Parsing line[72] =     //reg     [ASSOC-1:0]         r_field_pvld;
net_parse ||| Parsing line[73] =     //reg                         r_field_lru_pvld;
net_parse ||| Parsing line[74] = 	       
net_parse ||| Parsing line[75] =     genvar i;
net_parse ||| Parsing line[76] =     
net_parse ||| Parsing line[77] =     assign o_field_pvld = wo_field_pvld;
net_parse ||| Parsing line[78] =     //assign o_field_lru_pvld = wo_field_lru_pvld;
net_parse ||| Parsing line[79] =     assign o_field_consume = wo_field_consume;
net_parse ||| Parsing line[80] =     
net_parse ||| Parsing line[81] =     //initial begin
net_parse ||| Parsing line[82] =     //    r_field_pvld = 'b0;
net_parse ||| Parsing line[83] =     //    r_field_lru_pvld = 'b0;
net_parse ||| Parsing line[84] =     //end
net_parse ||| Parsing line[85] =     
net_parse ||| Parsing line[86] =     //always @(posedge i_cb_clk) begin
net_parse ||| Parsing line[87] =     //    r_field_pvld <= wo_field_pvld;
net_parse ||| Parsing line[88] =     //    r_field_lru_pvld <= wo_field_lru_pvld;
net_parse ||| Parsing line[89] =     //end
net_parse ||| Parsing line[90] = 
net_parse ||| Parsing line[91] = `ifndef SIMLIB_VERILATOR
net_parse ||| Parsing line[92] =     ///////////////////////////////////////////////////////////////////////
net_parse ||| Parsing line[93] = 	//  READ_WIDTH | BRAM_SIZE | READ Depth  | RDADDR Width |            //
net_parse ||| Parsing line[94] = 	// WRITE_WIDTH |           | WRITE Depth | WRADDR Width |  WE Width  //
net_parse ||| Parsing line[95] = 	// ============|===========|=============|==============|============//
net_parse ||| Parsing line[96] = 	//    37-72    |  "36Kb"   |      512    |     9-bit    |    8-bit   //
net_parse ||| Parsing line[97] = 	//    19-36    |  "36Kb"   |     1024    |    10-bit    |    4-bit   //
net_parse ||| Parsing line[98] = 	//    19-36    |  "18Kb"   |      512    |     9-bit    |    4-bit   //
net_parse ||| Parsing line[99] = 	//    10-18    |  "36Kb"   |     2048    |    11-bit    |    2-bit   //
net_parse ||| Parsing line[100] = 	//    10-18    |  "18Kb"   |     1024    |    10-bit    |    2-bit   //
net_parse ||| Parsing line[101] = 	//     5-9     |  "36Kb"   |     4096    |    12-bit    |    1-bit   //
net_parse ||| Parsing line[102] = 	//     5-9     |  "18Kb"   |     2048    |    11-bit    |    1-bit   //
net_parse ||| Parsing line[103] = 	//     3-4     |  "36Kb"   |     8192    |    13-bit    |    1-bit   //
net_parse ||| Parsing line[104] = 	//     3-4     |  "18Kb"   |     4096    |    12-bit    |    1-bit   //
net_parse ||| Parsing line[105] = 	//       2     |  "36Kb"   |    16384    |    14-bit    |    1-bit   //
net_parse ||| Parsing line[106] = 	//       2     |  "18Kb"   |     8192    |    13-bit    |    1-bit   //
net_parse ||| Parsing line[107] = 	//       1     |  "36Kb"   |    32768    |    15-bit    |    1-bit   //
net_parse ||| Parsing line[108] = 	//       1     |  "18Kb"   |    16384    |    14-bit    |    1-bit   //
net_parse ||| Parsing line[109] = 	///////////////////////////////////////////////////////////////////////
net_parse ||| Parsing line[110] = 		   		
net_parse ||| Parsing line[111] = 	localparam BRAM_SIZE    = (ASSOC > 4) ? "36Kb" : "18Kb";
net_parse ||| Parsing line[112] = 	localparam WRITE_WIDTH  = (ASSOC > 4) ? 64 : 32;
net_parse ||| Parsing line[113] = 	localparam READ_WIDTH   = (ASSOC > 4) ? 64 : 32;
net_parse ||| Parsing line[114] = 	localparam WRADDR_WIDTH = 9;                            // SETS maxes out at 512
net_parse ||| Parsing line[115] = 	localparam RDADDR_WIDTH = 9;                            // SETS maxes out at 512
net_parse ||| Parsing line[116] = 	localparam WEN_WIDTH    = (ASSOC > 4) ? 8 : 4;
net_parse ||| Parsing line[117] = 	localparam WRITE_MODE   = "READ_FIRST";
net_parse ||| Parsing line[118] = 	       
net_parse ||| Parsing line[119] = 	wire    [RDADDR_WIDTH-1:0]  w_rd_set_addr;
net_parse ||| Parsing line[120] = 	wire    [WRADDR_WIDTH-1:0]  w_wr_set_addr;
net_parse ||| Parsing line[121] = 	wire    [ASSOC_W-1:0]       w_wr_line_addr;
net_parse ||| Parsing line[122] = 	wire    [READ_WIDTH-1:0]    w_rd_data;
net_parse ||| Parsing line[123] = 	wire    [ASSOC-1:0]         w_rd_data_extr;
net_parse ||| Parsing line[124] = 	wire    [WRITE_WIDTH-1:0]   w_wr_data;
net_parse ||| Parsing line[125] = 	wire    [WEN_WIDTH-1:0]     w_wr_en;
net_parse ||| Parsing line[126] = 	wire                        w_wr_null;
net_parse ||| Parsing line[127] = 	       
net_parse ||| Parsing line[128] = 	assign w_rd_set_addr = i_rd_addr;
net_parse ||| Parsing line[129] = 	assign w_wr_set_addr = i_wr_addr[ASSOC_W +: SET_W];
net_parse ||| Parsing line[130] = 	assign w_wr_line_addr = i_wr_addr[0 +: ASSOC_W];
net_parse ||| Parsing line[131] = 	//assign w_wr_null = i_wr_null | i_field_init;
net_parse ||| Parsing line[132] = 	assign w_wr_null = i_wr_null | i_field_stall;
net_parse ||| Parsing line[133] = 	//assign w_wr_en = ~w_wr_null << w_wr_line_addr;
net_parse ||| Parsing line[134] = 	assign w_wr_en = (!w_wr_null) ? 1'b1 << i_wr_addr : 'b0;
net_parse ||| Parsing line[135] = 	assign w_wr_data = (i_field_consume) ? 0 : -1;
net_parse ||| Parsing line[136] = 	       
net_parse ||| Parsing line[137] = 	for (i = 0; i < ASSOC; i = i+1) begin           :   gen_rd_data_extract
net_parse ||| Parsing line[138] = 	    assign w_rd_data_extr[i] = w_rd_data[i*8];          // We only need the first bit in every byte
net_parse ||| Parsing line[139] = 	end
net_parse ||| Parsing line[140] = 	       
net_parse ||| Parsing line[141] = 	assign wo_field_pvld = (i_field_mshr) ? -1 : w_rd_data_extr;
net_parse ||| Parsing line[142] = 	assign wo_field_consume = ~w_rd_data_extr[i_field_lru] & i_field_miss & ~i_field_stall;
net_parse ||| Parsing line[143] = 	       
net_parse ||| Parsing line[144] = 	BRAM_SDP_MACRO #(
net_parse ||| Parsing line[145] = 		.BRAM_SIZE(BRAM_SIZE), // Target BRAM, "18Kb" or "36Kb"
net_parse ||| Parsing line[146] = 		.DEVICE("7SERIES"), // Target device: "7SERIES"
net_parse ||| Parsing line[147] = 		.WRITE_WIDTH(WRITE_WIDTH),    // Valid values are 1-72 (37-72 only valid when BRAM_SIZE="36Kb")
net_parse ||| Parsing line[148] = 		.READ_WIDTH(READ_WIDTH),     // Valid values are 1-72 (37-72 only valid when BRAM_SIZE="36Kb")
net_parse ||| Parsing line[149] = 		.DO_REG(0),         // Optional output register (0 or 1)
net_parse ||| Parsing line[150] = 		.INIT_FILE ("NONE"),
net_parse ||| Parsing line[151] = 		.SIM_COLLISION_CHECK ("ALL"), // Collision check enable "ALL", "WARNING_ONLY",
net_parse ||| Parsing line[152] = 										//   "GENERATE_X_ONLY" or "NONE"
net_parse ||| Parsing line[153] = 		.SRVAL(72'h000000000000000000), // Set/Reset value for port output
net_parse ||| Parsing line[154] = 		.INIT(72'h000000000000000000),  // Initial values on output port
net_parse ||| Parsing line[155] = 		.WRITE_MODE(WRITE_MODE),  // Specify "READ_FIRST" for same clock or synchronous clocks
net_parse ||| Parsing line[156] = 										//   Specify "WRITE_FIRST for asynchronous clocks on ports
net_parse ||| Parsing line[157] = 		//.INIT_00(bram_rst_gen(0)),
net_parse ||| Parsing line[158] = 		//.INIT_01(bram_rst_gen(1)),
net_parse ||| Parsing line[159] = 		//.INIT_02(bram_rst_gen(2)),
net_parse ||| Parsing line[160] = 		//.INIT_03(bram_rst_gen(3)),
net_parse ||| Parsing line[161] = 		//.INIT_04(bram_rst_gen(4)),
net_parse ||| Parsing line[162] = 		//.INIT_05(bram_rst_gen(5)),
net_parse ||| Parsing line[163] = 		//.INIT_06(bram_rst_gen(6)),
net_parse ||| Parsing line[164] = 		//.INIT_07(bram_rst_gen(7)),
net_parse ||| Parsing line[165] = 		//.INIT_08(bram_rst_gen(8)),
net_parse ||| Parsing line[166] = 		//.INIT_09(bram_rst_gen(9)),
net_parse ||| Parsing line[167] = 		//.INIT_0A(bram_rst_gen(10)),
net_parse ||| Parsing line[168] = 		//.INIT_0B(bram_rst_gen(11)),
net_parse ||| Parsing line[169] = 		//.INIT_0C(bram_rst_gen(12)),
net_parse ||| Parsing line[170] = 		//.INIT_0D(bram_rst_gen(13)),
net_parse ||| Parsing line[171] = 		//.INIT_0E(bram_rst_gen(14)),
net_parse ||| Parsing line[172] = 		//.INIT_0F(bram_rst_gen(15)),
net_parse ||| Parsing line[173] = 		//.INIT_10(bram_rst_gen(16)),
net_parse ||| Parsing line[174] = 		//.INIT_11(bram_rst_gen(17)),
net_parse ||| Parsing line[175] = 		//.INIT_12(bram_rst_gen(18)),
net_parse ||| Parsing line[176] = 		//.INIT_13(bram_rst_gen(19)),
net_parse ||| Parsing line[177] = 		//.INIT_14(bram_rst_gen(20)),
net_parse ||| Parsing line[178] = 		//.INIT_15(bram_rst_gen(21)),
net_parse ||| Parsing line[179] = 		//.INIT_16(bram_rst_gen(22)),
net_parse ||| Parsing line[180] = 		//.INIT_17(bram_rst_gen(23)),
net_parse ||| Parsing line[181] = 		//.INIT_18(bram_rst_gen(24)),
net_parse ||| Parsing line[182] = 		//.INIT_19(bram_rst_gen(25)),
net_parse ||| Parsing line[183] = 		//.INIT_1A(bram_rst_gen(26)),
net_parse ||| Parsing line[184] = 		//.INIT_1B(bram_rst_gen(27)),
net_parse ||| Parsing line[185] = 		//.INIT_1C(bram_rst_gen(28)),
net_parse ||| Parsing line[186] = 		//.INIT_1D(bram_rst_gen(29)),
net_parse ||| Parsing line[187] = 		//.INIT_1E(bram_rst_gen(30)),
net_parse ||| Parsing line[188] = 		//.INIT_1F(bram_rst_gen(31)),
net_parse ||| Parsing line[189] = 		//.INIT_20(bram_rst_gen(32)),
net_parse ||| Parsing line[190] = 		//.INIT_21(bram_rst_gen(33)),
net_parse ||| Parsing line[191] = 		//.INIT_22(bram_rst_gen(34)),
net_parse ||| Parsing line[192] = 		//.INIT_23(bram_rst_gen(35)),
net_parse ||| Parsing line[193] = 		//.INIT_24(bram_rst_gen(36)),
net_parse ||| Parsing line[194] = 		//.INIT_25(bram_rst_gen(37)),
net_parse ||| Parsing line[195] = 		//.INIT_26(bram_rst_gen(38)),
net_parse ||| Parsing line[196] = 		//.INIT_27(bram_rst_gen(39)),
net_parse ||| Parsing line[197] = 		//.INIT_28(bram_rst_gen(40)),
net_parse ||| Parsing line[198] = 		//.INIT_29(bram_rst_gen(41)),
net_parse ||| Parsing line[199] = 		//.INIT_2A(bram_rst_gen(42)),
net_parse ||| Parsing line[200] = 		//.INIT_2B(bram_rst_gen(43)),
net_parse ||| Parsing line[201] = 		//.INIT_2C(bram_rst_gen(44)),
net_parse ||| Parsing line[202] = 		//.INIT_2D(bram_rst_gen(45)),
net_parse ||| Parsing line[203] = 		//.INIT_2E(bram_rst_gen(46)),
net_parse ||| Parsing line[204] = 		//.INIT_2F(bram_rst_gen(47)),
net_parse ||| Parsing line[205] = 		//.INIT_30(bram_rst_gen(48)),
net_parse ||| Parsing line[206] = 		//.INIT_31(bram_rst_gen(49)),
net_parse ||| Parsing line[207] = 		//.INIT_32(bram_rst_gen(50)),
net_parse ||| Parsing line[208] = 		//.INIT_33(bram_rst_gen(51)),
net_parse ||| Parsing line[209] = 		//.INIT_34(bram_rst_gen(52)),
net_parse ||| Parsing line[210] = 		//.INIT_35(bram_rst_gen(53)),
net_parse ||| Parsing line[211] = 		//.INIT_36(bram_rst_gen(54)),
net_parse ||| Parsing line[212] = 		//.INIT_37(bram_rst_gen(55)),
net_parse ||| Parsing line[213] = 		//.INIT_38(bram_rst_gen(56)),
net_parse ||| Parsing line[214] = 		//.INIT_39(bram_rst_gen(57)),
net_parse ||| Parsing line[215] = 		//.INIT_3A(bram_rst_gen(58)),
net_parse ||| Parsing line[216] = 		//.INIT_3B(bram_rst_gen(59)),
net_parse ||| Parsing line[217] = 		//.INIT_3C(bram_rst_gen(60)),
net_parse ||| Parsing line[218] = 		//.INIT_3D(bram_rst_gen(61)),
net_parse ||| Parsing line[219] = 		//.INIT_3E(bram_rst_gen(62)),
net_parse ||| Parsing line[220] = 		//.INIT_3F(bram_rst_gen(63)),
net_parse ||| Parsing line[221] = 		.INIT_00(256'h0000000000000000000000000000000000000000000000000000000000000000),
net_parse ||| Parsing line[222] = 		.INIT_01(256'h0000000000000000000000000000000000000000000000000000000000000000),
net_parse ||| Parsing line[223] = 		.INIT_02(256'h0000000000000000000000000000000000000000000000000000000000000000),
net_parse ||| Parsing line[224] = 		.INIT_03(256'h0000000000000000000000000000000000000000000000000000000000000000),
net_parse ||| Parsing line[225] = 		.INIT_04(256'h0000000000000000000000000000000000000000000000000000000000000000),
net_parse ||| Parsing line[226] = 		.INIT_05(256'h0000000000000000000000000000000000000000000000000000000000000000),
net_parse ||| Parsing line[227] = 		.INIT_06(256'h0000000000000000000000000000000000000000000000000000000000000000),
net_parse ||| Parsing line[228] = 		.INIT_07(256'h0000000000000000000000000000000000000000000000000000000000000000),
net_parse ||| Parsing line[229] = 		.INIT_08(256'h0000000000000000000000000000000000000000000000000000000000000000),
net_parse ||| Parsing line[230] = 		.INIT_09(256'h0000000000000000000000000000000000000000000000000000000000000000),
net_parse ||| Parsing line[231] = 		.INIT_0A(256'h0000000000000000000000000000000000000000000000000000000000000000),
net_parse ||| Parsing line[232] = 		.INIT_0B(256'h0000000000000000000000000000000000000000000000000000000000000000),
net_parse ||| Parsing line[233] = 		.INIT_0C(256'h0000000000000000000000000000000000000000000000000000000000000000),
net_parse ||| Parsing line[234] = 		.INIT_0D(256'h0000000000000000000000000000000000000000000000000000000000000000),
net_parse ||| Parsing line[235] = 		.INIT_0E(256'h0000000000000000000000000000000000000000000000000000000000000000),
net_parse ||| Parsing line[236] = 		.INIT_0F(256'h0000000000000000000000000000000000000000000000000000000000000000),
net_parse ||| Parsing line[237] = 		.INIT_10(256'h0000000000000000000000000000000000000000000000000000000000000000),
net_parse ||| Parsing line[238] = 		.INIT_11(256'h0000000000000000000000000000000000000000000000000000000000000000),
net_parse ||| Parsing line[239] = 		.INIT_12(256'h0000000000000000000000000000000000000000000000000000000000000000),
net_parse ||| Parsing line[240] = 		.INIT_13(256'h0000000000000000000000000000000000000000000000000000000000000000),
net_parse ||| Parsing line[241] = 		.INIT_14(256'h0000000000000000000000000000000000000000000000000000000000000000),
net_parse ||| Parsing line[242] = 		.INIT_15(256'h0000000000000000000000000000000000000000000000000000000000000000),
net_parse ||| Parsing line[243] = 		.INIT_16(256'h0000000000000000000000000000000000000000000000000000000000000000),
net_parse ||| Parsing line[244] = 		.INIT_17(256'h0000000000000000000000000000000000000000000000000000000000000000),
net_parse ||| Parsing line[245] = 		.INIT_18(256'h0000000000000000000000000000000000000000000000000000000000000000),
net_parse ||| Parsing line[246] = 		.INIT_19(256'h0000000000000000000000000000000000000000000000000000000000000000),
net_parse ||| Parsing line[247] = 		.INIT_1A(256'h0000000000000000000000000000000000000000000000000000000000000000),
net_parse ||| Parsing line[248] = 		.INIT_1B(256'h0000000000000000000000000000000000000000000000000000000000000000),
net_parse ||| Parsing line[249] = 		.INIT_1C(256'h0000000000000000000000000000000000000000000000000000000000000000),
net_parse ||| Parsing line[250] = 		.INIT_1D(256'h0000000000000000000000000000000000000000000000000000000000000000),
net_parse ||| Parsing line[251] = 		.INIT_1E(256'h0000000000000000000000000000000000000000000000000000000000000000),
net_parse ||| Parsing line[252] = 		.INIT_1F(256'h0000000000000000000000000000000000000000000000000000000000000000),
net_parse ||| Parsing line[253] = 		.INIT_20(256'h0000000000000000000000000000000000000000000000000000000000000000),
net_parse ||| Parsing line[254] = 		.INIT_21(256'h0000000000000000000000000000000000000000000000000000000000000000),
net_parse ||| Parsing line[255] = 		.INIT_22(256'h0000000000000000000000000000000000000000000000000000000000000000),
net_parse ||| Parsing line[256] = 		.INIT_23(256'h0000000000000000000000000000000000000000000000000000000000000000),
net_parse ||| Parsing line[257] = 		.INIT_24(256'h0000000000000000000000000000000000000000000000000000000000000000),
net_parse ||| Parsing line[258] = 		.INIT_25(256'h0000000000000000000000000000000000000000000000000000000000000000),
net_parse ||| Parsing line[259] = 		.INIT_26(256'h0000000000000000000000000000000000000000000000000000000000000000),
net_parse ||| Parsing line[260] = 		.INIT_27(256'h0000000000000000000000000000000000000000000000000000000000000000),
net_parse ||| Parsing line[261] = 		.INIT_28(256'h0000000000000000000000000000000000000000000000000000000000000000),
net_parse ||| Parsing line[262] = 		.INIT_29(256'h0000000000000000000000000000000000000000000000000000000000000000),
net_parse ||| Parsing line[263] = 		.INIT_2A(256'h0000000000000000000000000000000000000000000000000000000000000000),
net_parse ||| Parsing line[264] = 		.INIT_2B(256'h0000000000000000000000000000000000000000000000000000000000000000),
net_parse ||| Parsing line[265] = 		.INIT_2C(256'h0000000000000000000000000000000000000000000000000000000000000000),
net_parse ||| Parsing line[266] = 		.INIT_2D(256'h0000000000000000000000000000000000000000000000000000000000000000),
net_parse ||| Parsing line[267] = 		.INIT_2E(256'h0000000000000000000000000000000000000000000000000000000000000000),
net_parse ||| Parsing line[268] = 		.INIT_2F(256'h0000000000000000000000000000000000000000000000000000000000000000),
net_parse ||| Parsing line[269] = 		.INIT_30(256'h0000000000000000000000000000000000000000000000000000000000000000),
net_parse ||| Parsing line[270] = 		.INIT_31(256'h0000000000000000000000000000000000000000000000000000000000000000),
net_parse ||| Parsing line[271] = 		.INIT_32(256'h0000000000000000000000000000000000000000000000000000000000000000),
net_parse ||| Parsing line[272] = 		.INIT_33(256'h0000000000000000000000000000000000000000000000000000000000000000),
net_parse ||| Parsing line[273] = 		.INIT_34(256'h0000000000000000000000000000000000000000000000000000000000000000),
net_parse ||| Parsing line[274] = 		.INIT_35(256'h0000000000000000000000000000000000000000000000000000000000000000),
net_parse ||| Parsing line[275] = 		.INIT_36(256'h0000000000000000000000000000000000000000000000000000000000000000),
net_parse ||| Parsing line[276] = 		.INIT_37(256'h0000000000000000000000000000000000000000000000000000000000000000),
net_parse ||| Parsing line[277] = 		.INIT_38(256'h0000000000000000000000000000000000000000000000000000000000000000),
net_parse ||| Parsing line[278] = 		.INIT_39(256'h0000000000000000000000000000000000000000000000000000000000000000),
net_parse ||| Parsing line[279] = 		.INIT_3A(256'h0000000000000000000000000000000000000000000000000000000000000000),
net_parse ||| Parsing line[280] = 		.INIT_3B(256'h0000000000000000000000000000000000000000000000000000000000000000),
net_parse ||| Parsing line[281] = 		.INIT_3C(256'h0000000000000000000000000000000000000000000000000000000000000000),
net_parse ||| Parsing line[282] = 		.INIT_3D(256'h0000000000000000000000000000000000000000000000000000000000000000),
net_parse ||| Parsing line[283] = 		.INIT_3E(256'h0000000000000000000000000000000000000000000000000000000000000000),
net_parse ||| Parsing line[284] = 		.INIT_3F(256'h0000000000000000000000000000000000000000000000000000000000000000),
net_parse ||| Parsing line[285] = 			
net_parse ||| Parsing line[286] = 		// The next set of INIT_xx are valid when configured as 36Kb
net_parse ||| Parsing line[287] = 		.INIT_40(256'h0000000000000000000000000000000000000000000000000000000000000000),
net_parse ||| Parsing line[288] = 		.INIT_41(256'h0000000000000000000000000000000000000000000000000000000000000000),
net_parse ||| Parsing line[289] = 		.INIT_42(256'h0000000000000000000000000000000000000000000000000000000000000000),
net_parse ||| Parsing line[290] = 		.INIT_43(256'h0000000000000000000000000000000000000000000000000000000000000000),
net_parse ||| Parsing line[291] = 		.INIT_44(256'h0000000000000000000000000000000000000000000000000000000000000000),
net_parse ||| Parsing line[292] = 		.INIT_45(256'h0000000000000000000000000000000000000000000000000000000000000000),
net_parse ||| Parsing line[293] = 		.INIT_46(256'h0000000000000000000000000000000000000000000000000000000000000000),
net_parse ||| Parsing line[294] = 		.INIT_47(256'h0000000000000000000000000000000000000000000000000000000000000000),
net_parse ||| Parsing line[295] = 		.INIT_48(256'h0000000000000000000000000000000000000000000000000000000000000000),
net_parse ||| Parsing line[296] = 		.INIT_49(256'h0000000000000000000000000000000000000000000000000000000000000000),
net_parse ||| Parsing line[297] = 		.INIT_4A(256'h0000000000000000000000000000000000000000000000000000000000000000),
net_parse ||| Parsing line[298] = 		.INIT_4B(256'h0000000000000000000000000000000000000000000000000000000000000000),
net_parse ||| Parsing line[299] = 		.INIT_4C(256'h0000000000000000000000000000000000000000000000000000000000000000),
net_parse ||| Parsing line[300] = 		.INIT_4D(256'h0000000000000000000000000000000000000000000000000000000000000000),
net_parse ||| Parsing line[301] = 		.INIT_4E(256'h0000000000000000000000000000000000000000000000000000000000000000),
net_parse ||| Parsing line[302] = 		.INIT_4F(256'h0000000000000000000000000000000000000000000000000000000000000000),
net_parse ||| Parsing line[303] = 		.INIT_50(256'h0000000000000000000000000000000000000000000000000000000000000000),
net_parse ||| Parsing line[304] = 		.INIT_51(256'h0000000000000000000000000000000000000000000000000000000000000000),
net_parse ||| Parsing line[305] = 		.INIT_52(256'h0000000000000000000000000000000000000000000000000000000000000000),
net_parse ||| Parsing line[306] = 		.INIT_53(256'h0000000000000000000000000000000000000000000000000000000000000000),
net_parse ||| Parsing line[307] = 		.INIT_54(256'h0000000000000000000000000000000000000000000000000000000000000000),
net_parse ||| Parsing line[308] = 		.INIT_55(256'h0000000000000000000000000000000000000000000000000000000000000000),
net_parse ||| Parsing line[309] = 		.INIT_56(256'h0000000000000000000000000000000000000000000000000000000000000000),
net_parse ||| Parsing line[310] = 		.INIT_57(256'h0000000000000000000000000000000000000000000000000000000000000000),
net_parse ||| Parsing line[311] = 		.INIT_58(256'h0000000000000000000000000000000000000000000000000000000000000000),
net_parse ||| Parsing line[312] = 		.INIT_59(256'h0000000000000000000000000000000000000000000000000000000000000000),
net_parse ||| Parsing line[313] = 		.INIT_5A(256'h0000000000000000000000000000000000000000000000000000000000000000),
net_parse ||| Parsing line[314] = 		.INIT_5B(256'h0000000000000000000000000000000000000000000000000000000000000000),
net_parse ||| Parsing line[315] = 		.INIT_5C(256'h0000000000000000000000000000000000000000000000000000000000000000),
net_parse ||| Parsing line[316] = 		.INIT_5D(256'h0000000000000000000000000000000000000000000000000000000000000000),
net_parse ||| Parsing line[317] = 		.INIT_5E(256'h0000000000000000000000000000000000000000000000000000000000000000),
net_parse ||| Parsing line[318] = 		.INIT_5F(256'h0000000000000000000000000000000000000000000000000000000000000000),
net_parse ||| Parsing line[319] = 		.INIT_60(256'h0000000000000000000000000000000000000000000000000000000000000000),
net_parse ||| Parsing line[320] = 		.INIT_61(256'h0000000000000000000000000000000000000000000000000000000000000000),
net_parse ||| Parsing line[321] = 		.INIT_62(256'h0000000000000000000000000000000000000000000000000000000000000000),
net_parse ||| Parsing line[322] = 		.INIT_63(256'h0000000000000000000000000000000000000000000000000000000000000000),
net_parse ||| Parsing line[323] = 		.INIT_64(256'h0000000000000000000000000000000000000000000000000000000000000000),
net_parse ||| Parsing line[324] = 		.INIT_65(256'h0000000000000000000000000000000000000000000000000000000000000000),
net_parse ||| Parsing line[325] = 		.INIT_66(256'h0000000000000000000000000000000000000000000000000000000000000000),
net_parse ||| Parsing line[326] = 		.INIT_67(256'h0000000000000000000000000000000000000000000000000000000000000000),
net_parse ||| Parsing line[327] = 		.INIT_68(256'h0000000000000000000000000000000000000000000000000000000000000000),
net_parse ||| Parsing line[328] = 		.INIT_69(256'h0000000000000000000000000000000000000000000000000000000000000000),
net_parse ||| Parsing line[329] = 		.INIT_6A(256'h0000000000000000000000000000000000000000000000000000000000000000),
net_parse ||| Parsing line[330] = 		.INIT_6B(256'h0000000000000000000000000000000000000000000000000000000000000000),
net_parse ||| Parsing line[331] = 		.INIT_6C(256'h0000000000000000000000000000000000000000000000000000000000000000),
net_parse ||| Parsing line[332] = 		.INIT_6D(256'h0000000000000000000000000000000000000000000000000000000000000000),
net_parse ||| Parsing line[333] = 		.INIT_6E(256'h0000000000000000000000000000000000000000000000000000000000000000),
net_parse ||| Parsing line[334] = 		.INIT_6F(256'h0000000000000000000000000000000000000000000000000000000000000000),
net_parse ||| Parsing line[335] = 		.INIT_70(256'h0000000000000000000000000000000000000000000000000000000000000000),
net_parse ||| Parsing line[336] = 		.INIT_71(256'h0000000000000000000000000000000000000000000000000000000000000000),
net_parse ||| Parsing line[337] = 		.INIT_72(256'h0000000000000000000000000000000000000000000000000000000000000000),
net_parse ||| Parsing line[338] = 		.INIT_73(256'h0000000000000000000000000000000000000000000000000000000000000000),
net_parse ||| Parsing line[339] = 		.INIT_74(256'h0000000000000000000000000000000000000000000000000000000000000000),
net_parse ||| Parsing line[340] = 		.INIT_75(256'h0000000000000000000000000000000000000000000000000000000000000000),
net_parse ||| Parsing line[341] = 		.INIT_76(256'h0000000000000000000000000000000000000000000000000000000000000000),
net_parse ||| Parsing line[342] = 		.INIT_77(256'h0000000000000000000000000000000000000000000000000000000000000000),
net_parse ||| Parsing line[343] = 		.INIT_78(256'h0000000000000000000000000000000000000000000000000000000000000000),
net_parse ||| Parsing line[344] = 		.INIT_79(256'h0000000000000000000000000000000000000000000000000000000000000000),
net_parse ||| Parsing line[345] = 		.INIT_7A(256'h0000000000000000000000000000000000000000000000000000000000000000),
net_parse ||| Parsing line[346] = 		.INIT_7B(256'h0000000000000000000000000000000000000000000000000000000000000000),
net_parse ||| Parsing line[347] = 		.INIT_7C(256'h0000000000000000000000000000000000000000000000000000000000000000),
net_parse ||| Parsing line[348] = 		.INIT_7D(256'h0000000000000000000000000000000000000000000000000000000000000000),
net_parse ||| Parsing line[349] = 		.INIT_7E(256'h0000000000000000000000000000000000000000000000000000000000000000),
net_parse ||| Parsing line[350] = 		.INIT_7F(256'h0000000000000000000000000000000000000000000000000000000000000000),
net_parse ||| Parsing line[351] = 		
net_parse ||| Parsing line[352] = 		// The next set of INITP_xx are for the parity bits
net_parse ||| Parsing line[353] = 		.INITP_00(256'h0000000000000000000000000000000000000000000000000000000000000000),
net_parse ||| Parsing line[354] = 		.INITP_01(256'h0000000000000000000000000000000000000000000000000000000000000000),
net_parse ||| Parsing line[355] = 		.INITP_02(256'h0000000000000000000000000000000000000000000000000000000000000000),
net_parse ||| Parsing line[356] = 		.INITP_03(256'h0000000000000000000000000000000000000000000000000000000000000000),
net_parse ||| Parsing line[357] = 		.INITP_04(256'h0000000000000000000000000000000000000000000000000000000000000000),
net_parse ||| Parsing line[358] = 		.INITP_05(256'h0000000000000000000000000000000000000000000000000000000000000000),
net_parse ||| Parsing line[359] = 		.INITP_06(256'h0000000000000000000000000000000000000000000000000000000000000000),
net_parse ||| Parsing line[360] = 		.INITP_07(256'h0000000000000000000000000000000000000000000000000000000000000000),
net_parse ||| Parsing line[361] = 		
net_parse ||| Parsing line[362] = 		// The next set of INITP_xx are valid when configured as 36Kb
net_parse ||| Parsing line[363] = 		.INITP_08(256'h0000000000000000000000000000000000000000000000000000000000000000),
net_parse ||| Parsing line[364] = 		.INITP_09(256'h0000000000000000000000000000000000000000000000000000000000000000),
net_parse ||| Parsing line[365] = 		.INITP_0A(256'h0000000000000000000000000000000000000000000000000000000000000000),
net_parse ||| Parsing line[366] = 		.INITP_0B(256'h0000000000000000000000000000000000000000000000000000000000000000),
net_parse ||| Parsing line[367] = 		.INITP_0C(256'h0000000000000000000000000000000000000000000000000000000000000000),
net_parse ||| Parsing line[368] = 		.INITP_0D(256'h0000000000000000000000000000000000000000000000000000000000000000),
net_parse ||| Parsing line[369] = 		.INITP_0E(256'h0000000000000000000000000000000000000000000000000000000000000000),
net_parse ||| Parsing line[370] = 		.INITP_0F(256'h0000000000000000000000000000000000000000000000000000000000000000)
net_parse ||| Parsing line[371] = 	) BRAM_SDP_MACRO_inst (
net_parse ||| Parsing line[372] = 		.DO(w_rd_data),         // Output read data port, width defined by READ_WIDTH parameter
net_parse ||| Parsing line[373] = 		.DI(w_wr_data),         // Input write data port, width defined by WRITE_WIDTH parameter
net_parse ||| Parsing line[374] = 		.RDADDR(w_rd_set_addr), // Input read address, width defined by read port depth
net_parse ||| Parsing line[375] = 		.RDCLK(i_clk),   // 1-bit input read clock
net_parse ||| Parsing line[376] = 		.RDEN(1'b1),     // 1-bit input read port enable
net_parse ||| Parsing line[377] = 		.REGCE(1'b0),   // 1-bit input read output register enable
net_parse ||| Parsing line[378] = 		.RST(i_rst),       // 1-bit input reset
net_parse ||| Parsing line[379] = 		.WE(w_wr_en),         // Input write enable, width defined by write port depth
net_parse ||| Parsing line[380] = 		.WRADDR(w_wr_set_addr), // Input write address, width defined by write port depth
net_parse ||| Parsing line[381] = 		.WRCLK(i_clk),   // 1-bit input write clock
net_parse ||| Parsing line[382] = 		.WREN(1'b1)      // 1-bit input write port enable
net_parse ||| Parsing line[383] = 	);
net_parse ||| Parsing line[384] = `else
net_parse ||| Parsing line[385] =     wire    [SET_W+ASSOC_W-1:0]         w_rd_addr;
net_parse ||| Parsing line[386] =     wire    [ASSOC-1:0]                 w_rd_data;
net_parse ||| Parsing line[387] =     wire                                w_wr_data;
net_parse ||| Parsing line[388] =     wire    [SETS*ASSOC-1:0]            w_wr_en;
net_parse ||| Parsing line[389] = 	wire								w_wr_null;
net_parse ||| Parsing line[390] =             
net_parse ||| Parsing line[391] =     reg     [SETS*ASSOC-1:0]            r_vld_table;
net_parse ||| Parsing line[392] =             
net_parse ||| Parsing line[393] =             
net_parse ||| Parsing line[394] =     integer k;
net_parse ||| Parsing line[395] =             
net_parse ||| Parsing line[396] =     assign w_rd_addr = i_rd_addr << ASSOC_W;
net_parse ||| Parsing line[397] = 	//assign w_wr_null = i_wr_null | i_field_init;
net_parse ||| Parsing line[398] =     assign w_wr_null = i_wr_null | i_field_stall;
net_parse ||| Parsing line[399] = 	assign w_wr_en = (!w_wr_null) ? 1'b1 << i_wr_addr : 'b0;
net_parse ||| Parsing line[400] =     assign w_wr_data = ~i_field_consume;
net_parse ||| Parsing line[401] = 
net_parse ||| Parsing line[402] =     for (i = 0; i < ASSOC; i = i+1) begin       :   gen_rd_line
net_parse ||| Parsing line[403] =         assign w_rd_data[i] = r_vld_table[w_rd_addr+i];
net_parse ||| Parsing line[404] =     end
net_parse ||| Parsing line[405] =             
net_parse ||| Parsing line[406] =     assign wo_field_pvld = (i_field_mshr) ? -1 : w_rd_data;
net_parse ||| Parsing line[407] =     //assign wo_field_lru_pvld = w_rd_data[i_field_lru];
net_parse ||| Parsing line[408] =     assign wo_field_consume = ~w_rd_data[i_field_lru] & i_field_miss & ~i_field_stall;
net_parse ||| Parsing line[409] =             
net_parse ||| Parsing line[410] =     // Table regfile
net_parse ||| Parsing line[411] =     always @(posedge i_clk) begin
net_parse ||| Parsing line[412] =         for (k = 0; k < SETS*ASSOC; k = k+1) begin
net_parse ||| Parsing line[413] =             //r_vld_table[k] <= (i_rst) ? VLD_TABLE_RST[k] : (w_wr_en[k]) ? w_wr_data : r_vld_table[k];
net_parse ||| Parsing line[414] =             r_vld_table[k] <= (i_rst) ? 'b0 : (w_wr_en[k]) ? w_wr_data : r_vld_table[k];
net_parse ||| Parsing line[415] =         end
net_parse ||| Parsing line[416] =     end
net_parse ||| Parsing line[417] = `endif
net_parse ||| Parsing line[418] = 	
net_parse ||| Parsing line[419] = endmodule
net_parse ||| Parsing line[0] = `timescale 1ns / 1ps
net_parse ||| Parsing line[1] = //////////////////////////////////////////////////////////////////////////////////
net_parse ||| Parsing line[2] = // Company: 
net_parse ||| Parsing line[3] = // Engineer: 
net_parse ||| Parsing line[4] = // 
net_parse ||| Parsing line[5] = // Create Date: 17.10.2025 12:36:03
net_parse ||| Parsing line[6] = // Design Name: 
net_parse ||| Parsing line[7] = // Module Name: pucb_lru_regfile
net_parse ||| Parsing line[8] = // Project Name: 
net_parse ||| Parsing line[9] = // Target Devices: 
net_parse ||| Parsing line[10] = // Tool Versions: 
net_parse ||| Parsing line[11] = // Description: 
net_parse ||| Parsing line[12] = // 
net_parse ||| Parsing line[13] = // Dependencies: 
net_parse ||| Parsing line[14] = // 
net_parse ||| Parsing line[15] = // Revision:
net_parse ||| Parsing line[16] = // Revision 0.01 - File Created
net_parse ||| Parsing line[17] = // Additional Comments:
net_parse ||| Parsing line[18] = // 
net_parse ||| Parsing line[19] = //////////////////////////////////////////////////////////////////////////////////
net_parse ||| Parsing line[20] = 
net_parse ||| Parsing line[21] = 
net_parse ||| Parsing line[22] = module pucb_lru_regfile #(
net_parse ||| Parsing line[23] =         //parameter BRAM_EN               = 0,
net_parse ||| Parsing line[24] =         parameter ASSOC                 = 4,
net_parse ||| Parsing line[25] =         parameter SETS                  = 512,
net_parse ||| Parsing line[26] =         localparam NODES                = ASSOC-1,
net_parse ||| Parsing line[27] =         localparam SET_W                = $clog2(SETS),
net_parse ||| Parsing line[28] =         localparam ASSOC_W              = $clog2(ASSOC)
net_parse ||| Parsing line[29] =     )(
net_parse ||| Parsing line[30] =         input wire                      i_clk,
net_parse ||| Parsing line[31] =         //input wire                      i_cb_clk,
net_parse ||| Parsing line[32] =         input wire                      i_rst,
net_parse ||| Parsing line[33] =         input wire  [SET_W-1:0]         i_rd_addr,
net_parse ||| Parsing line[34] =         input wire  [SET_W-1:0]         i_wr_addr,
net_parse ||| Parsing line[35] =         input wire  [NODES-1:0]         i_field_lru_nxt_bits,
net_parse ||| Parsing line[36] =         input wire  [ASSOC_W-1:0]       i_field_lru_nxt,
net_parse ||| Parsing line[37] =         input wire                      i_field_lru_wen,
net_parse ||| Parsing line[38] = 		input wire						i_field_stall,
net_parse ||| Parsing line[39] =         
net_parse ||| Parsing line[40] =         output wire [NODES-1:0]         o_field_lru_cur_bits,
net_parse ||| Parsing line[41] =         output wire [ASSOC_W-1:0]       o_field_lru_cur
net_parse ||| Parsing line[42] =         //output wire [ASSOC-1:0]         o_field_lru_map
net_parse ||| Parsing line[43] =     );
net_parse ||| Parsing line[44] =     
net_parse ||| Parsing line[45] =     //wire    [ASSOC_W-1:0]               w_field_lru_val;
net_parse ||| Parsing line[46] =     //wire    [ASSOC-1:0]                 w_field_lru_map;
net_parse ||| Parsing line[47] =     
net_parse ||| Parsing line[48] =     //reg     [ASSOC-1:0]                 r_field_lru_map;
net_parse ||| Parsing line[49] =     
net_parse ||| Parsing line[50] =     //assign w_field_lru_map = 1 << w_field_lru_val;
net_parse ||| Parsing line[51] =     
net_parse ||| Parsing line[52] =     //assign o_field_lru_map = r_field_lru_map;
net_parse ||| Parsing line[53] =     
net_parse ||| Parsing line[54] =     //initial begin
net_parse ||| Parsing line[55] =     //    r_field_lru_map = 'b0;
net_parse ||| Parsing line[56] =     //end
net_parse ||| Parsing line[57] =     
net_parse ||| Parsing line[58] =     //always @(posedge i_cb_clk) begin
net_parse ||| Parsing line[59] =     //    r_field_lru_map <= w_field_lru_map;
net_parse ||| Parsing line[60] =     //end
net_parse ||| Parsing line[61] = 
net_parse ||| Parsing line[62] = `ifndef SIMLIB_VERILATOR
net_parse ||| Parsing line[63] =     ///////////////////////////////////////////////////////////////////////
net_parse ||| Parsing line[64] = 	//  READ_WIDTH | BRAM_SIZE | READ Depth  | RDADDR Width |            //
net_parse ||| Parsing line[65] = 	// WRITE_WIDTH |           | WRITE Depth | WRADDR Width |  WE Width  //
net_parse ||| Parsing line[66] = 	// ============|===========|=============|==============|============//
net_parse ||| Parsing line[67] = 	//    37-72    |  "36Kb"   |      512    |     9-bit    |    8-bit   //
net_parse ||| Parsing line[68] = 	//    19-36    |  "36Kb"   |     1024    |    10-bit    |    4-bit   //
net_parse ||| Parsing line[69] = 	//    19-36    |  "18Kb"   |      512    |     9-bit    |    4-bit   //
net_parse ||| Parsing line[70] = 	//    10-18    |  "36Kb"   |     2048    |    11-bit    |    2-bit   //
net_parse ||| Parsing line[71] = 	//    10-18    |  "18Kb"   |     1024    |    10-bit    |    2-bit   //
net_parse ||| Parsing line[72] = 	//     5-9     |  "36Kb"   |     4096    |    12-bit    |    1-bit   //
net_parse ||| Parsing line[73] = 	//     5-9     |  "18Kb"   |     2048    |    11-bit    |    1-bit   //
net_parse ||| Parsing line[74] = 	//     3-4     |  "36Kb"   |     8192    |    13-bit    |    1-bit   //
net_parse ||| Parsing line[75] = 	//     3-4     |  "18Kb"   |     4096    |    12-bit    |    1-bit   //
net_parse ||| Parsing line[76] = 	//       2     |  "36Kb"   |    16384    |    14-bit    |    1-bit   //
net_parse ||| Parsing line[77] = 	//       2     |  "18Kb"   |     8192    |    13-bit    |    1-bit   //
net_parse ||| Parsing line[78] = 	//       1     |  "36Kb"   |    32768    |    15-bit    |    1-bit   //
net_parse ||| Parsing line[79] = 	//       1     |  "18Kb"   |    16384    |    14-bit    |    1-bit   //
net_parse ||| Parsing line[80] = 	///////////////////////////////////////////////////////////////////////
net_parse ||| Parsing line[81] = 		   		
net_parse ||| Parsing line[82] = 	localparam BRAM_SIZE    = (SETS > 1024) ? "36Kb" : "18Kb";
net_parse ||| Parsing line[83] = 	localparam WRITE_WIDTH  = NODES + ASSOC_W;
net_parse ||| Parsing line[84] = 	localparam READ_WIDTH   = NODES + ASSOC_W;
net_parse ||| Parsing line[85] = 	localparam WRADDR_WIDTH = (SETS > 1024) ? 11 : 10;
net_parse ||| Parsing line[86] = 	localparam RDADDR_WIDTH = (SETS > 1024) ? 11 : 10;
net_parse ||| Parsing line[87] = 	localparam WEN_WIDTH    = (NODES + ASSOC_W > 5) ? 2 : 1;
net_parse ||| Parsing line[88] = 	localparam WRITE_MODE   = "READ_FIRST";
net_parse ||| Parsing line[89] = 	       
net_parse ||| Parsing line[90] = 	//wire    [RDADDR_WIDTH-1:0]  w_set_sel;
net_parse ||| Parsing line[91] = 	wire    [RDADDR_WIDTH-1:0]  w_rd_addr;
net_parse ||| Parsing line[92] = 	wire    [WRADDR_WIDTH-1:0]  w_wr_addr;
net_parse ||| Parsing line[93] = 	//wire    [READ_WIDTH-1:0]    w_lru_rd;
net_parse ||| Parsing line[94] = 	wire    [READ_WIDTH-1:0]    w_rd_data;
net_parse ||| Parsing line[95] = 	//wire    [WRITE_WIDTH-1:0]   w_lru_wr;
net_parse ||| Parsing line[96] = 	wire    [WRITE_WIDTH-1:0]   w_wr_data;
net_parse ||| Parsing line[97] = 	//wire    [WEN_WIDTH-1:0]     w_lru_wen;
net_parse ||| Parsing line[98] = 	wire						w_wr_vld;
net_parse ||| Parsing line[99] = 	wire    [WEN_WIDTH-1:0]     w_wr_en;
net_parse ||| Parsing line[100] = 	       
net_parse ||| Parsing line[101] = 	//assign w_set_sel = i_field_set;
net_parse ||| Parsing line[102] = 	assign w_rd_addr = i_rd_addr;
net_parse ||| Parsing line[103] = 	assign w_wr_addr = i_wr_addr;
net_parse ||| Parsing line[104] = 	assign w_wr_data = {i_field_lru_nxt_bits, i_field_lru_nxt};
net_parse ||| Parsing line[105] = 	assign w_wr_vld = i_field_lru_wen & ~i_field_stall;
net_parse ||| Parsing line[106] = 	assign w_wr_en = {WEN_WIDTH{w_wr_vld}};
net_parse ||| Parsing line[107] = 	//assign w_lru_wr = {i_field_lru_nxt_bits, i_field_lru_nxt};
net_parse ||| Parsing line[108] = 	//assign w_lru_wen = {2{i_field_lru_wen}};
net_parse ||| Parsing line[109] = 	//assign w_field_lru_val = w_rd_data[0 +: ASSOC_W];
net_parse ||| Parsing line[110] = 	       
net_parse ||| Parsing line[111] = 	//assign o_field_lru_cur = w_lru_rd[0 +: ASSOC_W];
net_parse ||| Parsing line[112] = 	//assign o_field_lru_cur_bits = w_lru_rd[ASSOC_W +: NODES];
net_parse ||| Parsing line[113] = 	assign o_field_lru_cur = w_rd_data[0 +: ASSOC_W];
net_parse ||| Parsing line[114] = 	assign o_field_lru_cur_bits = w_rd_data[ASSOC_W +: NODES];
net_parse ||| Parsing line[115] = 	       
net_parse ||| Parsing line[116] = 	BRAM_SDP_MACRO #(
net_parse ||| Parsing line[117] = 		.BRAM_SIZE(BRAM_SIZE), // Target BRAM, "18Kb" or "36Kb"
net_parse ||| Parsing line[118] = 		.DEVICE("7SERIES"), // Target device: "7SERIES"
net_parse ||| Parsing line[119] = 		.WRITE_WIDTH(WRITE_WIDTH),    // Valid values are 1-72 (37-72 only valid when BRAM_SIZE="36Kb")
net_parse ||| Parsing line[120] = 		.READ_WIDTH(READ_WIDTH),     // Valid values are 1-72 (37-72 only valid when BRAM_SIZE="36Kb")
net_parse ||| Parsing line[121] = 		.DO_REG(0),         // Optional output register (0 or 1)
net_parse ||| Parsing line[122] = 		.INIT_FILE ("NONE"),
net_parse ||| Parsing line[123] = 		.SIM_COLLISION_CHECK ("ALL"), // Collision check enable "ALL", "WARNING_ONLY",
net_parse ||| Parsing line[124] = 										//   "GENERATE_X_ONLY" or "NONE"
net_parse ||| Parsing line[125] = 		.SRVAL(72'h000000000000000000), // Set/Reset value for port output
net_parse ||| Parsing line[126] = 		.INIT(72'h000000000000000000),  // Initial values on output port
net_parse ||| Parsing line[127] = 		.WRITE_MODE(WRITE_MODE),  // Specify "READ_FIRST" for same clock or synchronous clocks
net_parse ||| Parsing line[128] = 										//   Specify "WRITE_FIRST for asynchronous clocks on ports
net_parse ||| Parsing line[129] = 		.INIT_00(256'h0000000000000000000000000000000000000000000000000000000000000000),
net_parse ||| Parsing line[130] = 		.INIT_01(256'h0000000000000000000000000000000000000000000000000000000000000000),
net_parse ||| Parsing line[131] = 		.INIT_02(256'h0000000000000000000000000000000000000000000000000000000000000000),
net_parse ||| Parsing line[132] = 		.INIT_03(256'h0000000000000000000000000000000000000000000000000000000000000000),
net_parse ||| Parsing line[133] = 		.INIT_04(256'h0000000000000000000000000000000000000000000000000000000000000000),
net_parse ||| Parsing line[134] = 		.INIT_05(256'h0000000000000000000000000000000000000000000000000000000000000000),
net_parse ||| Parsing line[135] = 		.INIT_06(256'h0000000000000000000000000000000000000000000000000000000000000000),
net_parse ||| Parsing line[136] = 		.INIT_07(256'h0000000000000000000000000000000000000000000000000000000000000000),
net_parse ||| Parsing line[137] = 		.INIT_08(256'h0000000000000000000000000000000000000000000000000000000000000000),
net_parse ||| Parsing line[138] = 		.INIT_09(256'h0000000000000000000000000000000000000000000000000000000000000000),
net_parse ||| Parsing line[139] = 		.INIT_0A(256'h0000000000000000000000000000000000000000000000000000000000000000),
net_parse ||| Parsing line[140] = 		.INIT_0B(256'h0000000000000000000000000000000000000000000000000000000000000000),
net_parse ||| Parsing line[141] = 		.INIT_0C(256'h0000000000000000000000000000000000000000000000000000000000000000),
net_parse ||| Parsing line[142] = 		.INIT_0D(256'h0000000000000000000000000000000000000000000000000000000000000000),
net_parse ||| Parsing line[143] = 		.INIT_0E(256'h0000000000000000000000000000000000000000000000000000000000000000),
net_parse ||| Parsing line[144] = 		.INIT_0F(256'h0000000000000000000000000000000000000000000000000000000000000000),
net_parse ||| Parsing line[145] = 		.INIT_10(256'h0000000000000000000000000000000000000000000000000000000000000000),
net_parse ||| Parsing line[146] = 		.INIT_11(256'h0000000000000000000000000000000000000000000000000000000000000000),
net_parse ||| Parsing line[147] = 		.INIT_12(256'h0000000000000000000000000000000000000000000000000000000000000000),
net_parse ||| Parsing line[148] = 		.INIT_13(256'h0000000000000000000000000000000000000000000000000000000000000000),
net_parse ||| Parsing line[149] = 		.INIT_14(256'h0000000000000000000000000000000000000000000000000000000000000000),
net_parse ||| Parsing line[150] = 		.INIT_15(256'h0000000000000000000000000000000000000000000000000000000000000000),
net_parse ||| Parsing line[151] = 		.INIT_16(256'h0000000000000000000000000000000000000000000000000000000000000000),
net_parse ||| Parsing line[152] = 		.INIT_17(256'h0000000000000000000000000000000000000000000000000000000000000000),
net_parse ||| Parsing line[153] = 		.INIT_18(256'h0000000000000000000000000000000000000000000000000000000000000000),
net_parse ||| Parsing line[154] = 		.INIT_19(256'h0000000000000000000000000000000000000000000000000000000000000000),
net_parse ||| Parsing line[155] = 		.INIT_1A(256'h0000000000000000000000000000000000000000000000000000000000000000),
net_parse ||| Parsing line[156] = 		.INIT_1B(256'h0000000000000000000000000000000000000000000000000000000000000000),
net_parse ||| Parsing line[157] = 		.INIT_1C(256'h0000000000000000000000000000000000000000000000000000000000000000),
net_parse ||| Parsing line[158] = 		.INIT_1D(256'h0000000000000000000000000000000000000000000000000000000000000000),
net_parse ||| Parsing line[159] = 		.INIT_1E(256'h0000000000000000000000000000000000000000000000000000000000000000),
net_parse ||| Parsing line[160] = 		.INIT_1F(256'h0000000000000000000000000000000000000000000000000000000000000000),
net_parse ||| Parsing line[161] = 		.INIT_20(256'h0000000000000000000000000000000000000000000000000000000000000000),
net_parse ||| Parsing line[162] = 		.INIT_21(256'h0000000000000000000000000000000000000000000000000000000000000000),
net_parse ||| Parsing line[163] = 		.INIT_22(256'h0000000000000000000000000000000000000000000000000000000000000000),
net_parse ||| Parsing line[164] = 		.INIT_23(256'h0000000000000000000000000000000000000000000000000000000000000000),
net_parse ||| Parsing line[165] = 		.INIT_24(256'h0000000000000000000000000000000000000000000000000000000000000000),
net_parse ||| Parsing line[166] = 		.INIT_25(256'h0000000000000000000000000000000000000000000000000000000000000000),
net_parse ||| Parsing line[167] = 		.INIT_26(256'h0000000000000000000000000000000000000000000000000000000000000000),
net_parse ||| Parsing line[168] = 		.INIT_27(256'h0000000000000000000000000000000000000000000000000000000000000000),
net_parse ||| Parsing line[169] = 		.INIT_28(256'h0000000000000000000000000000000000000000000000000000000000000000),
net_parse ||| Parsing line[170] = 		.INIT_29(256'h0000000000000000000000000000000000000000000000000000000000000000),
net_parse ||| Parsing line[171] = 		.INIT_2A(256'h0000000000000000000000000000000000000000000000000000000000000000),
net_parse ||| Parsing line[172] = 		.INIT_2B(256'h0000000000000000000000000000000000000000000000000000000000000000),
net_parse ||| Parsing line[173] = 		.INIT_2C(256'h0000000000000000000000000000000000000000000000000000000000000000),
net_parse ||| Parsing line[174] = 		.INIT_2D(256'h0000000000000000000000000000000000000000000000000000000000000000),
net_parse ||| Parsing line[175] = 		.INIT_2E(256'h0000000000000000000000000000000000000000000000000000000000000000),
net_parse ||| Parsing line[176] = 		.INIT_2F(256'h0000000000000000000000000000000000000000000000000000000000000000),
net_parse ||| Parsing line[177] = 		.INIT_30(256'h0000000000000000000000000000000000000000000000000000000000000000),
net_parse ||| Parsing line[178] = 		.INIT_31(256'h0000000000000000000000000000000000000000000000000000000000000000),
net_parse ||| Parsing line[179] = 		.INIT_32(256'h0000000000000000000000000000000000000000000000000000000000000000),
net_parse ||| Parsing line[180] = 		.INIT_33(256'h0000000000000000000000000000000000000000000000000000000000000000),
net_parse ||| Parsing line[181] = 		.INIT_34(256'h0000000000000000000000000000000000000000000000000000000000000000),
net_parse ||| Parsing line[182] = 		.INIT_35(256'h0000000000000000000000000000000000000000000000000000000000000000),
net_parse ||| Parsing line[183] = 		.INIT_36(256'h0000000000000000000000000000000000000000000000000000000000000000),
net_parse ||| Parsing line[184] = 		.INIT_37(256'h0000000000000000000000000000000000000000000000000000000000000000),
net_parse ||| Parsing line[185] = 		.INIT_38(256'h0000000000000000000000000000000000000000000000000000000000000000),
net_parse ||| Parsing line[186] = 		.INIT_39(256'h0000000000000000000000000000000000000000000000000000000000000000),
net_parse ||| Parsing line[187] = 		.INIT_3A(256'h0000000000000000000000000000000000000000000000000000000000000000),
net_parse ||| Parsing line[188] = 		.INIT_3B(256'h0000000000000000000000000000000000000000000000000000000000000000),
net_parse ||| Parsing line[189] = 		.INIT_3C(256'h0000000000000000000000000000000000000000000000000000000000000000),
net_parse ||| Parsing line[190] = 		.INIT_3D(256'h0000000000000000000000000000000000000000000000000000000000000000),
net_parse ||| Parsing line[191] = 		.INIT_3E(256'h0000000000000000000000000000000000000000000000000000000000000000),
net_parse ||| Parsing line[192] = 		.INIT_3F(256'h0000000000000000000000000000000000000000000000000000000000000000),
net_parse ||| Parsing line[193] = 		
net_parse ||| Parsing line[194] = 		// The next set of INIT_xx are valid when configured as 36Kb
net_parse ||| Parsing line[195] = 		.INIT_40(256'h0000000000000000000000000000000000000000000000000000000000000000),
net_parse ||| Parsing line[196] = 		.INIT_41(256'h0000000000000000000000000000000000000000000000000000000000000000),
net_parse ||| Parsing line[197] = 		.INIT_42(256'h0000000000000000000000000000000000000000000000000000000000000000),
net_parse ||| Parsing line[198] = 		.INIT_43(256'h0000000000000000000000000000000000000000000000000000000000000000),
net_parse ||| Parsing line[199] = 		.INIT_44(256'h0000000000000000000000000000000000000000000000000000000000000000),
net_parse ||| Parsing line[200] = 		.INIT_45(256'h0000000000000000000000000000000000000000000000000000000000000000),
net_parse ||| Parsing line[201] = 		.INIT_46(256'h0000000000000000000000000000000000000000000000000000000000000000),
net_parse ||| Parsing line[202] = 		.INIT_47(256'h0000000000000000000000000000000000000000000000000000000000000000),
net_parse ||| Parsing line[203] = 		.INIT_48(256'h0000000000000000000000000000000000000000000000000000000000000000),
net_parse ||| Parsing line[204] = 		.INIT_49(256'h0000000000000000000000000000000000000000000000000000000000000000),
net_parse ||| Parsing line[205] = 		.INIT_4A(256'h0000000000000000000000000000000000000000000000000000000000000000),
net_parse ||| Parsing line[206] = 		.INIT_4B(256'h0000000000000000000000000000000000000000000000000000000000000000),
net_parse ||| Parsing line[207] = 		.INIT_4C(256'h0000000000000000000000000000000000000000000000000000000000000000),
net_parse ||| Parsing line[208] = 		.INIT_4D(256'h0000000000000000000000000000000000000000000000000000000000000000),
net_parse ||| Parsing line[209] = 		.INIT_4E(256'h0000000000000000000000000000000000000000000000000000000000000000),
net_parse ||| Parsing line[210] = 		.INIT_4F(256'h0000000000000000000000000000000000000000000000000000000000000000),
net_parse ||| Parsing line[211] = 		.INIT_50(256'h0000000000000000000000000000000000000000000000000000000000000000),
net_parse ||| Parsing line[212] = 		.INIT_51(256'h0000000000000000000000000000000000000000000000000000000000000000),
net_parse ||| Parsing line[213] = 		.INIT_52(256'h0000000000000000000000000000000000000000000000000000000000000000),
net_parse ||| Parsing line[214] = 		.INIT_53(256'h0000000000000000000000000000000000000000000000000000000000000000),
net_parse ||| Parsing line[215] = 		.INIT_54(256'h0000000000000000000000000000000000000000000000000000000000000000),
net_parse ||| Parsing line[216] = 		.INIT_55(256'h0000000000000000000000000000000000000000000000000000000000000000),
net_parse ||| Parsing line[217] = 		.INIT_56(256'h0000000000000000000000000000000000000000000000000000000000000000),
net_parse ||| Parsing line[218] = 		.INIT_57(256'h0000000000000000000000000000000000000000000000000000000000000000),
net_parse ||| Parsing line[219] = 		.INIT_58(256'h0000000000000000000000000000000000000000000000000000000000000000),
net_parse ||| Parsing line[220] = 		.INIT_59(256'h0000000000000000000000000000000000000000000000000000000000000000),
net_parse ||| Parsing line[221] = 		.INIT_5A(256'h0000000000000000000000000000000000000000000000000000000000000000),
net_parse ||| Parsing line[222] = 		.INIT_5B(256'h0000000000000000000000000000000000000000000000000000000000000000),
net_parse ||| Parsing line[223] = 		.INIT_5C(256'h0000000000000000000000000000000000000000000000000000000000000000),
net_parse ||| Parsing line[224] = 		.INIT_5D(256'h0000000000000000000000000000000000000000000000000000000000000000),
net_parse ||| Parsing line[225] = 		.INIT_5E(256'h0000000000000000000000000000000000000000000000000000000000000000),
net_parse ||| Parsing line[226] = 		.INIT_5F(256'h0000000000000000000000000000000000000000000000000000000000000000),
net_parse ||| Parsing line[227] = 		.INIT_60(256'h0000000000000000000000000000000000000000000000000000000000000000),
net_parse ||| Parsing line[228] = 		.INIT_61(256'h0000000000000000000000000000000000000000000000000000000000000000),
net_parse ||| Parsing line[229] = 		.INIT_62(256'h0000000000000000000000000000000000000000000000000000000000000000),
net_parse ||| Parsing line[230] = 		.INIT_63(256'h0000000000000000000000000000000000000000000000000000000000000000),
net_parse ||| Parsing line[231] = 		.INIT_64(256'h0000000000000000000000000000000000000000000000000000000000000000),
net_parse ||| Parsing line[232] = 		.INIT_65(256'h0000000000000000000000000000000000000000000000000000000000000000),
net_parse ||| Parsing line[233] = 		.INIT_66(256'h0000000000000000000000000000000000000000000000000000000000000000),
net_parse ||| Parsing line[234] = 		.INIT_67(256'h0000000000000000000000000000000000000000000000000000000000000000),
net_parse ||| Parsing line[235] = 		.INIT_68(256'h0000000000000000000000000000000000000000000000000000000000000000),
net_parse ||| Parsing line[236] = 		.INIT_69(256'h0000000000000000000000000000000000000000000000000000000000000000),
net_parse ||| Parsing line[237] = 		.INIT_6A(256'h0000000000000000000000000000000000000000000000000000000000000000),
net_parse ||| Parsing line[238] = 		.INIT_6B(256'h0000000000000000000000000000000000000000000000000000000000000000),
net_parse ||| Parsing line[239] = 		.INIT_6C(256'h0000000000000000000000000000000000000000000000000000000000000000),
net_parse ||| Parsing line[240] = 		.INIT_6D(256'h0000000000000000000000000000000000000000000000000000000000000000),
net_parse ||| Parsing line[241] = 		.INIT_6E(256'h0000000000000000000000000000000000000000000000000000000000000000),
net_parse ||| Parsing line[242] = 		.INIT_6F(256'h0000000000000000000000000000000000000000000000000000000000000000),
net_parse ||| Parsing line[243] = 		.INIT_70(256'h0000000000000000000000000000000000000000000000000000000000000000),
net_parse ||| Parsing line[244] = 		.INIT_71(256'h0000000000000000000000000000000000000000000000000000000000000000),
net_parse ||| Parsing line[245] = 		.INIT_72(256'h0000000000000000000000000000000000000000000000000000000000000000),
net_parse ||| Parsing line[246] = 		.INIT_73(256'h0000000000000000000000000000000000000000000000000000000000000000),
net_parse ||| Parsing line[247] = 		.INIT_74(256'h0000000000000000000000000000000000000000000000000000000000000000),
net_parse ||| Parsing line[248] = 		.INIT_75(256'h0000000000000000000000000000000000000000000000000000000000000000),
net_parse ||| Parsing line[249] = 		.INIT_76(256'h0000000000000000000000000000000000000000000000000000000000000000),
net_parse ||| Parsing line[250] = 		.INIT_77(256'h0000000000000000000000000000000000000000000000000000000000000000),
net_parse ||| Parsing line[251] = 		.INIT_78(256'h0000000000000000000000000000000000000000000000000000000000000000),
net_parse ||| Parsing line[252] = 		.INIT_79(256'h0000000000000000000000000000000000000000000000000000000000000000),
net_parse ||| Parsing line[253] = 		.INIT_7A(256'h0000000000000000000000000000000000000000000000000000000000000000),
net_parse ||| Parsing line[254] = 		.INIT_7B(256'h0000000000000000000000000000000000000000000000000000000000000000),
net_parse ||| Parsing line[255] = 		.INIT_7C(256'h0000000000000000000000000000000000000000000000000000000000000000),
net_parse ||| Parsing line[256] = 		.INIT_7D(256'h0000000000000000000000000000000000000000000000000000000000000000),
net_parse ||| Parsing line[257] = 		.INIT_7E(256'h0000000000000000000000000000000000000000000000000000000000000000),
net_parse ||| Parsing line[258] = 		.INIT_7F(256'h0000000000000000000000000000000000000000000000000000000000000000),
net_parse ||| Parsing line[259] = 		
net_parse ||| Parsing line[260] = 		// The next set of INITP_xx are for the parity bits
net_parse ||| Parsing line[261] = 		.INITP_00(256'h0000000000000000000000000000000000000000000000000000000000000000),
net_parse ||| Parsing line[262] = 		.INITP_01(256'h0000000000000000000000000000000000000000000000000000000000000000),
net_parse ||| Parsing line[263] = 		.INITP_02(256'h0000000000000000000000000000000000000000000000000000000000000000),
net_parse ||| Parsing line[264] = 		.INITP_03(256'h0000000000000000000000000000000000000000000000000000000000000000),
net_parse ||| Parsing line[265] = 		.INITP_04(256'h0000000000000000000000000000000000000000000000000000000000000000),
net_parse ||| Parsing line[266] = 		.INITP_05(256'h0000000000000000000000000000000000000000000000000000000000000000),
net_parse ||| Parsing line[267] = 		.INITP_06(256'h0000000000000000000000000000000000000000000000000000000000000000),
net_parse ||| Parsing line[268] = 		.INITP_07(256'h0000000000000000000000000000000000000000000000000000000000000000),
net_parse ||| Parsing line[269] = 		
net_parse ||| Parsing line[270] = 		// The next set of INITP_xx are valid when configured as 36Kb
net_parse ||| Parsing line[271] = 		.INITP_08(256'h0000000000000000000000000000000000000000000000000000000000000000),
net_parse ||| Parsing line[272] = 		.INITP_09(256'h0000000000000000000000000000000000000000000000000000000000000000),
net_parse ||| Parsing line[273] = 		.INITP_0A(256'h0000000000000000000000000000000000000000000000000000000000000000),
net_parse ||| Parsing line[274] = 		.INITP_0B(256'h0000000000000000000000000000000000000000000000000000000000000000),
net_parse ||| Parsing line[275] = 		.INITP_0C(256'h0000000000000000000000000000000000000000000000000000000000000000),
net_parse ||| Parsing line[276] = 		.INITP_0D(256'h0000000000000000000000000000000000000000000000000000000000000000),
net_parse ||| Parsing line[277] = 		.INITP_0E(256'h0000000000000000000000000000000000000000000000000000000000000000),
net_parse ||| Parsing line[278] = 		.INITP_0F(256'h0000000000000000000000000000000000000000000000000000000000000000)
net_parse ||| Parsing line[279] = 	) BRAM_SDP_MACRO_inst (
net_parse ||| Parsing line[280] = 		.DO(w_rd_data),         // Output read data port, width defined by READ_WIDTH parameter
net_parse ||| Parsing line[281] = 		.DI(w_wr_data),         // Input write data port, width defined by WRITE_WIDTH parameter
net_parse ||| Parsing line[282] = 		.RDADDR(w_rd_addr), // Input read address, width defined by read port depth
net_parse ||| Parsing line[283] = 		.RDCLK(i_clk),   // 1-bit input read clock
net_parse ||| Parsing line[284] = 		.RDEN(1'b1),     // 1-bit input read port enable
net_parse ||| Parsing line[285] = 		.REGCE(1'b0),   // 1-bit input read output register enable
net_parse ||| Parsing line[286] = 		.RST(i_rst),       // 1-bit input reset
net_parse ||| Parsing line[287] = 		.WE(w_wr_en),         // Input write enable, width defined by write port depth
net_parse ||| Parsing line[288] = 		.WRADDR(w_wr_addr), // Input write address, width defined by write port depth
net_parse ||| Parsing line[289] = 		.WRCLK(i_clk),   // 1-bit input write clock
net_parse ||| Parsing line[290] = 		.WREN(1'b1)      // 1-bit input write port enable
net_parse ||| Parsing line[291] = 	);
net_parse ||| Parsing line[292] = `else
net_parse ||| Parsing line[293] =     localparam WRITE_WIDTH  = NODES + ASSOC_W;
net_parse ||| Parsing line[294] = 	localparam READ_WIDTH   = NODES + ASSOC_W;
net_parse ||| Parsing line[295] = 	       
net_parse ||| Parsing line[296] = 	integer k;
net_parse ||| Parsing line[297] = 	       
net_parse ||| Parsing line[298] = 	wire    [READ_WIDTH-1:0]    w_lru_rd;
net_parse ||| Parsing line[299] = 	wire    [WRITE_WIDTH-1:0]   w_lru_wr;
net_parse ||| Parsing line[300] = 	wire    [SETS-1:0]          w_lru_wen;
net_parse ||| Parsing line[301] = 	wire						w_wr_vld;
net_parse ||| Parsing line[302] = 
net_parse ||| Parsing line[303] = 	reg     [NODES+ASSOC_W-1:0]         r_lru_state[0:SETS-1];  // State = {NODES, ASSOC_W}
net_parse ||| Parsing line[304] = 	       
net_parse ||| Parsing line[305] = 	assign w_lru_rd = r_lru_state[i_rd_addr];
net_parse ||| Parsing line[306] = 	assign w_lru_wr = {i_field_lru_nxt_bits, i_field_lru_nxt};
net_parse ||| Parsing line[307] = 	assign w_wr_vld = i_field_lru_wen & ~i_field_stall;
net_parse ||| Parsing line[308] = 	assign w_lru_wen = w_wr_vld << i_wr_addr;
net_parse ||| Parsing line[309] = 	//assign w_field_lru_val = w_lru_rd[0 +: ASSOC_W];
net_parse ||| Parsing line[310] = 	       
net_parse ||| Parsing line[311] = 	assign o_field_lru_cur = w_lru_rd[0 +: ASSOC_W];
net_parse ||| Parsing line[312] = 	assign o_field_lru_cur_bits = w_lru_rd[ASSOC_W +: NODES];
net_parse ||| Parsing line[313] = 	       
net_parse ||| Parsing line[314] = 	always @(posedge i_clk) begin
net_parse ||| Parsing line[315] = 	    for (k = 0; k < SETS; k = k+1) begin
net_parse ||| Parsing line[316] = 	        r_lru_state[k] <= (i_rst) ? 'b0 : (w_lru_wen[k]) ? w_lru_wr : r_lru_state[k];
net_parse ||| Parsing line[317] = 	    end
net_parse ||| Parsing line[318] = 	end
net_parse ||| Parsing line[319] = `endif
net_parse ||| Parsing line[320] = 
net_parse ||| Parsing line[321] = endmodule
net_parse ||| Parsing line[0] = `timescale 1ns / 1ps
net_parse ||| Parsing line[1] = //////////////////////////////////////////////////////////////////////////////////
net_parse ||| Parsing line[2] = // Company: 
net_parse ||| Parsing line[3] = // Engineer: 
net_parse ||| Parsing line[4] = // 
net_parse ||| Parsing line[5] = // Create Date: 18.10.2025 02:29:01
net_parse ||| Parsing line[6] = // Design Name: 
net_parse ||| Parsing line[7] = // Module Name: reverse_ptr_table
net_parse ||| Parsing line[8] = // Project Name: 
net_parse ||| Parsing line[9] = // Target Devices: 
net_parse ||| Parsing line[10] = // Tool Versions: 
net_parse ||| Parsing line[11] = // Description: 
net_parse ||| Parsing line[12] = // 
net_parse ||| Parsing line[13] = // Dependencies: 
net_parse ||| Parsing line[14] = // 
net_parse ||| Parsing line[15] = // Revision:
net_parse ||| Parsing line[16] = // Revision 0.01 - File Created
net_parse ||| Parsing line[17] = // Additional Comments:
net_parse ||| Parsing line[18] = // 
net_parse ||| Parsing line[19] = //////////////////////////////////////////////////////////////////////////////////
net_parse ||| Parsing line[20] = 
net_parse ||| Parsing line[21] = 
net_parse ||| Parsing line[22] = module reverse_ptr_table #(
net_parse ||| Parsing line[23] =         //parameter BRAM_EN           = 0,
net_parse ||| Parsing line[24] =         parameter BLOCK_W           = 128,
net_parse ||| Parsing line[25] =         parameter ASSOC             = 4,
net_parse ||| Parsing line[26] =         parameter SETS              = 512,
net_parse ||| Parsing line[27] =         localparam BLOCK_L          = $clog2(BLOCK_W),
net_parse ||| Parsing line[28] =         localparam ASSOC_W          = $clog2(ASSOC),
net_parse ||| Parsing line[29] =         localparam SET_W            = $clog2(SETS)
net_parse ||| Parsing line[30] =     )(
net_parse ||| Parsing line[31] =         input wire                      i_clk,
net_parse ||| Parsing line[32] =         //input wire                      i_cb_clk,
net_parse ||| Parsing line[33] =         input wire                      i_rst,
net_parse ||| Parsing line[34] =         input wire  [BLOCK_L-1:0]       i_rd_addr,                  // From current cycle
net_parse ||| Parsing line[35] =         input wire  [BLOCK_L-1:0]       i_wr_addr,                  // From previous cycle
net_parse ||| Parsing line[36] =         input wire  [SET_W+ASSOC_W-1:0] i_wr_data,                  // From previous cycle
net_parse ||| Parsing line[37] =         input wire                      i_field_evict,              // When true, value at wr_addr is forced to point to null | This is not the delayed signal of o_rev_ptr_null, this must be connected to the field-evict process where lines are forcefully evicted
net_parse ||| Parsing line[38] =         input wire                      i_field_consume,            // when consume is true, miss must be true. But, not vice-versa. From previous cycle
net_parse ||| Parsing line[39] =         
net_parse ||| Parsing line[40] =         output wire                     o_rev_ptr_null,             // Output in current cycle
net_parse ||| Parsing line[41] =         output wire [SET_W+ASSOC_W-1:0] o_rev_ptr                   // Output in current cycle
net_parse ||| Parsing line[42] =     );
net_parse ||| Parsing line[43] =     
net_parse ||| Parsing line[44] =     //wire                        wo_rev_ptr_null;
net_parse ||| Parsing line[45] =     //wire    [SET_W+ASSOC_W-1:0] wo_rev_ptr;
net_parse ||| Parsing line[46] =     
net_parse ||| Parsing line[47] =     //reg                         r_rev_ptr_null;
net_parse ||| Parsing line[48] =     //reg     [SET_W+ASSOC_W-1:0] r_rev_ptr;
net_parse ||| Parsing line[49] =     
net_parse ||| Parsing line[50] =     //assign o_rev_ptr_null = r_rev_ptr_null;
net_parse ||| Parsing line[51] = 	//assign o_rev_ptr = r_rev_ptr;
net_parse ||| Parsing line[52] = 	
net_parse ||| Parsing line[53] = 	//initial begin
net_parse ||| Parsing line[54] = 	//   r_rev_ptr_null = 'b0;
net_parse ||| Parsing line[55] = 	//   r_rev_ptr = 'b0;
net_parse ||| Parsing line[56] = 	//end
net_parse ||| Parsing line[57] = 	
net_parse ||| Parsing line[58] = 	//always @(posedge i_cb_clk) begin
net_parse ||| Parsing line[59] = 	//   r_rev_ptr_null <= wo_rev_ptr_null;
net_parse ||| Parsing line[60] = 	//   r_rev_ptr <= wo_rev_ptr;
net_parse ||| Parsing line[61] = 	//end
net_parse ||| Parsing line[62] =     
net_parse ||| Parsing line[63] =     //genvar i;
net_parse ||| Parsing line[64] =     
net_parse ||| Parsing line[65] = `ifndef SIMLIB_VERILATOR
net_parse ||| Parsing line[66] =     ///////////////////////////////////////////////////////////////////////
net_parse ||| Parsing line[67] = 	//  READ_WIDTH | BRAM_SIZE | READ Depth  | RDADDR Width |            //
net_parse ||| Parsing line[68] = 	// WRITE_WIDTH |           | WRITE Depth | WRADDR Width |  WE Width  //
net_parse ||| Parsing line[69] = 	// ============|===========|=============|==============|============//
net_parse ||| Parsing line[70] = 	//    37-72    |  "36Kb"   |      512    |     9-bit    |    8-bit   //
net_parse ||| Parsing line[71] = 	//    19-36    |  "36Kb"   |     1024    |    10-bit    |    4-bit   //
net_parse ||| Parsing line[72] = 	//    19-36    |  "18Kb"   |      512    |     9-bit    |    4-bit   //
net_parse ||| Parsing line[73] = 	//    10-18    |  "36Kb"   |     2048    |    11-bit    |    2-bit   //
net_parse ||| Parsing line[74] = 	//    10-18    |  "18Kb"   |     1024    |    10-bit    |    2-bit   //
net_parse ||| Parsing line[75] = 	//     5-9     |  "36Kb"   |     4096    |    12-bit    |    1-bit   //
net_parse ||| Parsing line[76] = 	//     5-9     |  "18Kb"   |     2048    |    11-bit    |    1-bit   //
net_parse ||| Parsing line[77] = 	//     3-4     |  "36Kb"   |     8192    |    13-bit    |    1-bit   //
net_parse ||| Parsing line[78] = 	//     3-4     |  "18Kb"   |     4096    |    12-bit    |    1-bit   //
net_parse ||| Parsing line[79] = 	//       2     |  "36Kb"   |    16384    |    14-bit    |    1-bit   //
net_parse ||| Parsing line[80] = 	//       2     |  "18Kb"   |     8192    |    13-bit    |    1-bit   //
net_parse ||| Parsing line[81] = 	//       1     |  "36Kb"   |    32768    |    15-bit    |    1-bit   //
net_parse ||| Parsing line[82] = 	//       1     |  "18Kb"   |    16384    |    14-bit    |    1-bit   //
net_parse ||| Parsing line[83] = 	///////////////////////////////////////////////////////////////////////
net_parse ||| Parsing line[84] = 		   		
net_parse ||| Parsing line[85] = 	localparam BRAM_SIZE        = (BLOCK_W > 512) ? "36Kb" : "18Kb";
net_parse ||| Parsing line[86] = 	localparam WRITE_WIDTH      = 32;
net_parse ||| Parsing line[87] = 	localparam READ_WIDTH       = 32;
net_parse ||| Parsing line[88] = 	localparam WRADDR_WIDTH     = (BLOCK_W > 512) ? 10 : 9;
net_parse ||| Parsing line[89] = 	localparam RDADDR_WIDTH     = (BLOCK_W > 512) ? 10 : 9;
net_parse ||| Parsing line[90] = 	localparam WEN_WIDTH        = 4;
net_parse ||| Parsing line[91] = 	localparam WRITE_MODE       = "READ_FIRST";
net_parse ||| Parsing line[92] = 	       
net_parse ||| Parsing line[93] = 	localparam BRAM_NULL_CONST  = 2**WRITE_WIDTH >> 1;
net_parse ||| Parsing line[94] = 	localparam BRAM_INIT_CONST  = 256'h8000000080000000800000008000000080000000800000008000000080000000;
net_parse ||| Parsing line[95] = 	       
net_parse ||| Parsing line[96] = 	wire    [RDADDR_WIDTH-1:0]  w_rd_addr;
net_parse ||| Parsing line[97] = 	wire    [WRADDR_WIDTH-1:0]  w_wr_addr;
net_parse ||| Parsing line[98] = 	wire    [READ_WIDTH-1:0]    w_rd_data;
net_parse ||| Parsing line[99] = 	wire                        w_rev_ptr_null;
net_parse ||| Parsing line[100] = 	wire    [SET_W+ASSOC_W-1:0] w_rev_ptr;
net_parse ||| Parsing line[101] = 	wire    [WRITE_WIDTH-1:0]   w_wr_data;
net_parse ||| Parsing line[102] = 	wire    [WEN_WIDTH-1:0]     w_wr_en;
net_parse ||| Parsing line[103] = 	       
net_parse ||| Parsing line[104] = 	assign w_rd_addr = i_rd_addr;
net_parse ||| Parsing line[105] = 	assign w_rev_ptr_null = w_rd_data[READ_WIDTH-1];                            // MSB indicates null ptr
net_parse ||| Parsing line[106] = 	assign w_rev_ptr = w_rd_data[0 +: SET_W+ASSOC_W];
net_parse ||| Parsing line[107] = 	assign w_wr_addr = i_wr_addr;
net_parse ||| Parsing line[108] = 	assign w_wr_en = (i_field_evict || i_field_consume) ? -1 : 0;
net_parse ||| Parsing line[109] = 	assign w_wr_data = (i_field_evict) ? BRAM_NULL_CONST : i_wr_data;
net_parse ||| Parsing line[110] = 	       
net_parse ||| Parsing line[111] = 	assign o_rev_ptr_null = w_rev_ptr_null;
net_parse ||| Parsing line[112] = 	assign o_rev_ptr = w_rev_ptr;
net_parse ||| Parsing line[113] = 	       
net_parse ||| Parsing line[114] = 	BRAM_SDP_MACRO #(
net_parse ||| Parsing line[115] = 		.BRAM_SIZE(BRAM_SIZE), // Target BRAM, "18Kb" or "36Kb"
net_parse ||| Parsing line[116] = 		.DEVICE("7SERIES"), // Target device: "7SERIES"
net_parse ||| Parsing line[117] = 		.WRITE_WIDTH(WRITE_WIDTH),    // Valid values are 1-72 (37-72 only valid when BRAM_SIZE="36Kb")
net_parse ||| Parsing line[118] = 		.READ_WIDTH(READ_WIDTH),     // Valid values are 1-72 (37-72 only valid when BRAM_SIZE="36Kb")
net_parse ||| Parsing line[119] = 		.DO_REG(0),         // Optional output register (0 or 1)
net_parse ||| Parsing line[120] = 		.INIT_FILE ("NONE"),
net_parse ||| Parsing line[121] = 		.SIM_COLLISION_CHECK ("ALL"), // Collision check enable "ALL", "WARNING_ONLY",
net_parse ||| Parsing line[122] = 										//   "GENERATE_X_ONLY" or "NONE"
net_parse ||| Parsing line[123] = 		.SRVAL(72'h000000000000000000), // Set/Reset value for port output
net_parse ||| Parsing line[124] = 		.INIT(72'h000000000000000000),  // Initial values on output port
net_parse ||| Parsing line[125] = 		.WRITE_MODE(WRITE_MODE),  // Specify "READ_FIRST" for same clock or synchronous clocks
net_parse ||| Parsing line[126] = 										//   Specify "WRITE_FIRST for asynchronous clocks on ports
net_parse ||| Parsing line[127] = 		.INIT_00(BRAM_INIT_CONST),
net_parse ||| Parsing line[128] = 		.INIT_01(BRAM_INIT_CONST),
net_parse ||| Parsing line[129] = 		.INIT_02(BRAM_INIT_CONST),
net_parse ||| Parsing line[130] = 		.INIT_03(BRAM_INIT_CONST),
net_parse ||| Parsing line[131] = 		.INIT_04(BRAM_INIT_CONST),
net_parse ||| Parsing line[132] = 		.INIT_05(BRAM_INIT_CONST),
net_parse ||| Parsing line[133] = 		.INIT_06(BRAM_INIT_CONST),
net_parse ||| Parsing line[134] = 		.INIT_07(BRAM_INIT_CONST),
net_parse ||| Parsing line[135] = 		.INIT_08(BRAM_INIT_CONST),
net_parse ||| Parsing line[136] = 		.INIT_09(BRAM_INIT_CONST),
net_parse ||| Parsing line[137] = 		.INIT_0A(BRAM_INIT_CONST),
net_parse ||| Parsing line[138] = 		.INIT_0B(BRAM_INIT_CONST),
net_parse ||| Parsing line[139] = 		.INIT_0C(BRAM_INIT_CONST),
net_parse ||| Parsing line[140] = 		.INIT_0D(BRAM_INIT_CONST),
net_parse ||| Parsing line[141] = 		.INIT_0E(BRAM_INIT_CONST),
net_parse ||| Parsing line[142] = 		.INIT_0F(BRAM_INIT_CONST),
net_parse ||| Parsing line[143] = 		.INIT_10(BRAM_INIT_CONST),
net_parse ||| Parsing line[144] = 		.INIT_11(BRAM_INIT_CONST),
net_parse ||| Parsing line[145] = 		.INIT_12(BRAM_INIT_CONST),
net_parse ||| Parsing line[146] = 		.INIT_13(BRAM_INIT_CONST),
net_parse ||| Parsing line[147] = 		.INIT_14(BRAM_INIT_CONST),
net_parse ||| Parsing line[148] = 		.INIT_15(BRAM_INIT_CONST),
net_parse ||| Parsing line[149] = 		.INIT_16(BRAM_INIT_CONST),
net_parse ||| Parsing line[150] = 		.INIT_17(BRAM_INIT_CONST),
net_parse ||| Parsing line[151] = 		.INIT_18(BRAM_INIT_CONST),
net_parse ||| Parsing line[152] = 		.INIT_19(BRAM_INIT_CONST),
net_parse ||| Parsing line[153] = 		.INIT_1A(BRAM_INIT_CONST),
net_parse ||| Parsing line[154] = 		.INIT_1B(BRAM_INIT_CONST),
net_parse ||| Parsing line[155] = 		.INIT_1C(BRAM_INIT_CONST),
net_parse ||| Parsing line[156] = 		.INIT_1D(BRAM_INIT_CONST),
net_parse ||| Parsing line[157] = 		.INIT_1E(BRAM_INIT_CONST),
net_parse ||| Parsing line[158] = 		.INIT_1F(BRAM_INIT_CONST),
net_parse ||| Parsing line[159] = 		.INIT_20(BRAM_INIT_CONST),
net_parse ||| Parsing line[160] = 		.INIT_21(BRAM_INIT_CONST),
net_parse ||| Parsing line[161] = 		.INIT_22(BRAM_INIT_CONST),
net_parse ||| Parsing line[162] = 		.INIT_23(BRAM_INIT_CONST),
net_parse ||| Parsing line[163] = 		.INIT_24(BRAM_INIT_CONST),
net_parse ||| Parsing line[164] = 		.INIT_25(BRAM_INIT_CONST),
net_parse ||| Parsing line[165] = 		.INIT_26(BRAM_INIT_CONST),
net_parse ||| Parsing line[166] = 		.INIT_27(BRAM_INIT_CONST),
net_parse ||| Parsing line[167] = 		.INIT_28(BRAM_INIT_CONST),
net_parse ||| Parsing line[168] = 		.INIT_29(BRAM_INIT_CONST),
net_parse ||| Parsing line[169] = 		.INIT_2A(BRAM_INIT_CONST),
net_parse ||| Parsing line[170] = 		.INIT_2B(BRAM_INIT_CONST),
net_parse ||| Parsing line[171] = 		.INIT_2C(BRAM_INIT_CONST),
net_parse ||| Parsing line[172] = 		.INIT_2D(BRAM_INIT_CONST),
net_parse ||| Parsing line[173] = 		.INIT_2E(BRAM_INIT_CONST),
net_parse ||| Parsing line[174] = 		.INIT_2F(BRAM_INIT_CONST),
net_parse ||| Parsing line[175] = 		.INIT_30(BRAM_INIT_CONST),
net_parse ||| Parsing line[176] = 		.INIT_31(BRAM_INIT_CONST),
net_parse ||| Parsing line[177] = 		.INIT_32(BRAM_INIT_CONST),
net_parse ||| Parsing line[178] = 		.INIT_33(BRAM_INIT_CONST),
net_parse ||| Parsing line[179] = 		.INIT_34(BRAM_INIT_CONST),
net_parse ||| Parsing line[180] = 		.INIT_35(BRAM_INIT_CONST),
net_parse ||| Parsing line[181] = 		.INIT_36(BRAM_INIT_CONST),
net_parse ||| Parsing line[182] = 		.INIT_37(BRAM_INIT_CONST),
net_parse ||| Parsing line[183] = 		.INIT_38(BRAM_INIT_CONST),
net_parse ||| Parsing line[184] = 		.INIT_39(BRAM_INIT_CONST),
net_parse ||| Parsing line[185] = 		.INIT_3A(BRAM_INIT_CONST),
net_parse ||| Parsing line[186] = 		.INIT_3B(BRAM_INIT_CONST),
net_parse ||| Parsing line[187] = 		.INIT_3C(BRAM_INIT_CONST),
net_parse ||| Parsing line[188] = 		.INIT_3D(BRAM_INIT_CONST),
net_parse ||| Parsing line[189] = 		.INIT_3E(BRAM_INIT_CONST),
net_parse ||| Parsing line[190] = 		.INIT_3F(BRAM_INIT_CONST),
net_parse ||| Parsing line[191] = 		
net_parse ||| Parsing line[192] = 		// The next set of INIT_xx are valid when configured as 36Kb
net_parse ||| Parsing line[193] = 		.INIT_40(BRAM_INIT_CONST),
net_parse ||| Parsing line[194] = 		.INIT_41(BRAM_INIT_CONST),
net_parse ||| Parsing line[195] = 		.INIT_42(BRAM_INIT_CONST),
net_parse ||| Parsing line[196] = 		.INIT_43(BRAM_INIT_CONST),
net_parse ||| Parsing line[197] = 		.INIT_44(BRAM_INIT_CONST),
net_parse ||| Parsing line[198] = 		.INIT_45(BRAM_INIT_CONST),
net_parse ||| Parsing line[199] = 		.INIT_46(BRAM_INIT_CONST),
net_parse ||| Parsing line[200] = 		.INIT_47(BRAM_INIT_CONST),
net_parse ||| Parsing line[201] = 		.INIT_48(BRAM_INIT_CONST),
net_parse ||| Parsing line[202] = 		.INIT_49(BRAM_INIT_CONST),
net_parse ||| Parsing line[203] = 		.INIT_4A(BRAM_INIT_CONST),
net_parse ||| Parsing line[204] = 		.INIT_4B(BRAM_INIT_CONST),
net_parse ||| Parsing line[205] = 		.INIT_4C(BRAM_INIT_CONST),
net_parse ||| Parsing line[206] = 		.INIT_4D(BRAM_INIT_CONST),
net_parse ||| Parsing line[207] = 		.INIT_4E(BRAM_INIT_CONST),
net_parse ||| Parsing line[208] = 		.INIT_4F(BRAM_INIT_CONST),
net_parse ||| Parsing line[209] = 		.INIT_50(BRAM_INIT_CONST),
net_parse ||| Parsing line[210] = 		.INIT_51(BRAM_INIT_CONST),
net_parse ||| Parsing line[211] = 		.INIT_52(BRAM_INIT_CONST),
net_parse ||| Parsing line[212] = 		.INIT_53(BRAM_INIT_CONST),
net_parse ||| Parsing line[213] = 		.INIT_54(BRAM_INIT_CONST),
net_parse ||| Parsing line[214] = 		.INIT_55(BRAM_INIT_CONST),
net_parse ||| Parsing line[215] = 		.INIT_56(BRAM_INIT_CONST),
net_parse ||| Parsing line[216] = 		.INIT_57(BRAM_INIT_CONST),
net_parse ||| Parsing line[217] = 		.INIT_58(BRAM_INIT_CONST),
net_parse ||| Parsing line[218] = 		.INIT_59(BRAM_INIT_CONST),
net_parse ||| Parsing line[219] = 		.INIT_5A(BRAM_INIT_CONST),
net_parse ||| Parsing line[220] = 		.INIT_5B(BRAM_INIT_CONST),
net_parse ||| Parsing line[221] = 		.INIT_5C(BRAM_INIT_CONST),
net_parse ||| Parsing line[222] = 		.INIT_5D(BRAM_INIT_CONST),
net_parse ||| Parsing line[223] = 		.INIT_5E(BRAM_INIT_CONST),
net_parse ||| Parsing line[224] = 		.INIT_5F(BRAM_INIT_CONST),
net_parse ||| Parsing line[225] = 		.INIT_60(BRAM_INIT_CONST),
net_parse ||| Parsing line[226] = 		.INIT_61(BRAM_INIT_CONST),
net_parse ||| Parsing line[227] = 		.INIT_62(BRAM_INIT_CONST),
net_parse ||| Parsing line[228] = 		.INIT_63(BRAM_INIT_CONST),
net_parse ||| Parsing line[229] = 		.INIT_64(BRAM_INIT_CONST),
net_parse ||| Parsing line[230] = 		.INIT_65(BRAM_INIT_CONST),
net_parse ||| Parsing line[231] = 		.INIT_66(BRAM_INIT_CONST),
net_parse ||| Parsing line[232] = 		.INIT_67(BRAM_INIT_CONST),
net_parse ||| Parsing line[233] = 		.INIT_68(BRAM_INIT_CONST),
net_parse ||| Parsing line[234] = 		.INIT_69(BRAM_INIT_CONST),
net_parse ||| Parsing line[235] = 		.INIT_6A(BRAM_INIT_CONST),
net_parse ||| Parsing line[236] = 		.INIT_6B(BRAM_INIT_CONST),
net_parse ||| Parsing line[237] = 		.INIT_6C(BRAM_INIT_CONST),
net_parse ||| Parsing line[238] = 		.INIT_6D(BRAM_INIT_CONST),
net_parse ||| Parsing line[239] = 		.INIT_6E(BRAM_INIT_CONST),
net_parse ||| Parsing line[240] = 		.INIT_6F(BRAM_INIT_CONST),
net_parse ||| Parsing line[241] = 		.INIT_70(BRAM_INIT_CONST),
net_parse ||| Parsing line[242] = 		.INIT_71(BRAM_INIT_CONST),
net_parse ||| Parsing line[243] = 		.INIT_72(BRAM_INIT_CONST),
net_parse ||| Parsing line[244] = 		.INIT_73(BRAM_INIT_CONST),
net_parse ||| Parsing line[245] = 		.INIT_74(BRAM_INIT_CONST),
net_parse ||| Parsing line[246] = 		.INIT_75(BRAM_INIT_CONST),
net_parse ||| Parsing line[247] = 		.INIT_76(BRAM_INIT_CONST),
net_parse ||| Parsing line[248] = 		.INIT_77(BRAM_INIT_CONST),
net_parse ||| Parsing line[249] = 		.INIT_78(BRAM_INIT_CONST),
net_parse ||| Parsing line[250] = 		.INIT_79(BRAM_INIT_CONST),
net_parse ||| Parsing line[251] = 		.INIT_7A(BRAM_INIT_CONST),
net_parse ||| Parsing line[252] = 		.INIT_7B(BRAM_INIT_CONST),
net_parse ||| Parsing line[253] = 		.INIT_7C(BRAM_INIT_CONST),
net_parse ||| Parsing line[254] = 		.INIT_7D(BRAM_INIT_CONST),
net_parse ||| Parsing line[255] = 		.INIT_7E(BRAM_INIT_CONST),
net_parse ||| Parsing line[256] = 		.INIT_7F(BRAM_INIT_CONST),
net_parse ||| Parsing line[257] = 		
net_parse ||| Parsing line[258] = 		// The next set of INITP_xx are for the parity bits
net_parse ||| Parsing line[259] = 		.INITP_00(256'h0000000000000000000000000000000000000000000000000000000000000000),
net_parse ||| Parsing line[260] = 		.INITP_01(256'h0000000000000000000000000000000000000000000000000000000000000000),
net_parse ||| Parsing line[261] = 		.INITP_02(256'h0000000000000000000000000000000000000000000000000000000000000000),
net_parse ||| Parsing line[262] = 		.INITP_03(256'h0000000000000000000000000000000000000000000000000000000000000000),
net_parse ||| Parsing line[263] = 		.INITP_04(256'h0000000000000000000000000000000000000000000000000000000000000000),
net_parse ||| Parsing line[264] = 		.INITP_05(256'h0000000000000000000000000000000000000000000000000000000000000000),
net_parse ||| Parsing line[265] = 		.INITP_06(256'h0000000000000000000000000000000000000000000000000000000000000000),
net_parse ||| Parsing line[266] = 		.INITP_07(256'h0000000000000000000000000000000000000000000000000000000000000000),
net_parse ||| Parsing line[267] = 		
net_parse ||| Parsing line[268] = 		// The next set of INITP_xx are valid when configured as 36Kb
net_parse ||| Parsing line[269] = 		.INITP_08(256'h0000000000000000000000000000000000000000000000000000000000000000),
net_parse ||| Parsing line[270] = 		.INITP_09(256'h0000000000000000000000000000000000000000000000000000000000000000),
net_parse ||| Parsing line[271] = 		.INITP_0A(256'h0000000000000000000000000000000000000000000000000000000000000000),
net_parse ||| Parsing line[272] = 		.INITP_0B(256'h0000000000000000000000000000000000000000000000000000000000000000),
net_parse ||| Parsing line[273] = 		.INITP_0C(256'h0000000000000000000000000000000000000000000000000000000000000000),
net_parse ||| Parsing line[274] = 		.INITP_0D(256'h0000000000000000000000000000000000000000000000000000000000000000),
net_parse ||| Parsing line[275] = 		.INITP_0E(256'h0000000000000000000000000000000000000000000000000000000000000000),
net_parse ||| Parsing line[276] = 		.INITP_0F(256'h0000000000000000000000000000000000000000000000000000000000000000)
net_parse ||| Parsing line[277] = 	) BRAM_SDP_MACRO_inst (
net_parse ||| Parsing line[278] = 		.DO(w_rd_data),         // Output read data port, width defined by READ_WIDTH parameter
net_parse ||| Parsing line[279] = 		.DI(w_wr_data),         // Input write data port, width defined by WRITE_WIDTH parameter
net_parse ||| Parsing line[280] = 		.RDADDR(w_rd_addr), // Input read address, width defined by read port depth
net_parse ||| Parsing line[281] = 		.RDCLK(i_clk),   // 1-bit input read clock
net_parse ||| Parsing line[282] = 		.RDEN(1'b1),     // 1-bit input read port enable
net_parse ||| Parsing line[283] = 		.REGCE(1'b0),   // 1-bit input read output register enable
net_parse ||| Parsing line[284] = 		.RST(i_rst),       // 1-bit input reset
net_parse ||| Parsing line[285] = 		.WE(w_wr_en),         // Input write enable, width defined by write port depth
net_parse ||| Parsing line[286] = 		.WRADDR(w_wr_addr), // Input write address, width defined by write port depth
net_parse ||| Parsing line[287] = 		.WRCLK(i_clk),   // 1-bit input write clock
net_parse ||| Parsing line[288] = 		.WREN(1'b1)      // 1-bit input write port enable
net_parse ||| Parsing line[289] = 	);
net_parse ||| Parsing line[290] = `else
net_parse ||| Parsing line[291] =     localparam [SET_W+ASSOC_W:0] REG_NULL_CONST   = 1'b1 << SET_W+ASSOC_W;
net_parse ||| Parsing line[292] =             
net_parse ||| Parsing line[293] =     wire    [BLOCK_L-1:0]       w_rd_addr;
net_parse ||| Parsing line[294] = 	wire    [BLOCK_L-1:0]       w_wr_addr;
net_parse ||| Parsing line[295] = 	wire    [SET_W+ASSOC_W:0]   w_rd_data;             // Include null_ptr flag
net_parse ||| Parsing line[296] = 	wire                        w_rev_ptr_null;
net_parse ||| Parsing line[297] = 	wire    [SET_W+ASSOC_W-1:0] w_rev_ptr;
net_parse ||| Parsing line[298] = 	wire    [SET_W+ASSOC_W:0]   w_wr_data;             // Include null_ptr flag
net_parse ||| Parsing line[299] = 	wire                        w_wr_en_flag;
net_parse ||| Parsing line[300] = 	wire    [BLOCK_W-1:0]       w_wr_en;
net_parse ||| Parsing line[301] = 	        
net_parse ||| Parsing line[302] = 	reg     [SET_W+ASSOC_W:0]   r_ptr_table[0:BLOCK_W-1];
net_parse ||| Parsing line[303] = 	        
net_parse ||| Parsing line[304] = 	integer k;
net_parse ||| Parsing line[305] = 	        
net_parse ||| Parsing line[306] = 	assign w_rd_addr = i_rd_addr;
net_parse ||| Parsing line[307] = 	assign w_rd_data = r_ptr_table[w_rd_addr];
net_parse ||| Parsing line[308] = 	assign w_rev_ptr_null = w_rd_data[SET_W+ASSOC_W];                            // MSB indicates null ptr
net_parse ||| Parsing line[309] = 	assign w_rev_ptr = w_rd_data[0 +: SET_W+ASSOC_W];
net_parse ||| Parsing line[310] = 	assign w_wr_addr = i_wr_addr;
net_parse ||| Parsing line[311] = 	assign w_wr_en_flag = i_field_evict | i_field_consume;
net_parse ||| Parsing line[312] = 	assign w_wr_en = w_wr_en_flag << w_wr_addr;
net_parse ||| Parsing line[313] = 	assign w_wr_data = {i_field_evict, i_wr_data};
net_parse ||| Parsing line[314] = 	        
net_parse ||| Parsing line[315] = 	assign o_rev_ptr_null = w_rev_ptr_null;
net_parse ||| Parsing line[316] = 	assign o_rev_ptr = w_rev_ptr;
net_parse ||| Parsing line[317] =             
net_parse ||| Parsing line[318] =     // Table regfile
net_parse ||| Parsing line[319] =     always @(posedge i_clk) begin
net_parse ||| Parsing line[320] =         for (k = 0; k < BLOCK_W; k = k+1) begin
net_parse ||| Parsing line[321] =             r_ptr_table[k] <= (i_rst) ? (REG_NULL_CONST | k) : (w_wr_en[k]) ? w_wr_data : r_ptr_table[k];
net_parse ||| Parsing line[322] =         end
net_parse ||| Parsing line[323] =     end
net_parse ||| Parsing line[324] = `endif
net_parse ||| Parsing line[325] =     	
net_parse ||| Parsing line[326] = endmodule
net_parse ||| Parsing line[0] = `timescale 1ns / 1ps
net_parse ||| Parsing line[1] = //////////////////////////////////////////////////////////////////////////////////
net_parse ||| Parsing line[2] = // Company: 
net_parse ||| Parsing line[3] = // Engineer: 
net_parse ||| Parsing line[4] = // 
net_parse ||| Parsing line[5] = // Create Date: 20.10.2025 11:09:28
net_parse ||| Parsing line[6] = // Design Name: 
net_parse ||| Parsing line[7] = // Module Name: in_cdc
net_parse ||| Parsing line[8] = // Project Name: 
net_parse ||| Parsing line[9] = // Target Devices: 
net_parse ||| Parsing line[10] = // Tool Versions: 
net_parse ||| Parsing line[11] = // Description: 
net_parse ||| Parsing line[12] = // 
net_parse ||| Parsing line[13] = // Dependencies: 
net_parse ||| Parsing line[14] = // 
net_parse ||| Parsing line[15] = // Revision:
net_parse ||| Parsing line[16] = // Revision 0.01 - File Created
net_parse ||| Parsing line[17] = // Additional Comments:
net_parse ||| Parsing line[18] = // 
net_parse ||| Parsing line[19] = //////////////////////////////////////////////////////////////////////////////////
net_parse ||| Parsing line[20] = 
net_parse ||| Parsing line[21] = 
net_parse ||| Parsing line[22] = // Assuming PU and CB clk are synchronous, but CB freq = 2*PU
net_parse ||| Parsing line[23] = /*
net_parse ||| Parsing line[24] = module in_cdc #(
net_parse ||| Parsing line[25] =         parameter ADDR_W                    = 32,
net_parse ||| Parsing line[26] =         parameter DATA_W                    = 32
net_parse ||| Parsing line[27] =     )(
net_parse ||| Parsing line[28] =         input wire                          i_pu_clk,
net_parse ||| Parsing line[29] =         input wire                          i_cb_clk,
net_parse ||| Parsing line[30] =         input wire                          i_rst,
net_parse ||| Parsing line[31] =         input wire  [ADDR_W-1:0]            i_field_addr,               // From PU clk
net_parse ||| Parsing line[32] =         input wire  [DATA_W-1:0]            i_field_data,               // From PU clk
net_parse ||| Parsing line[33] =         
net_parse ||| Parsing line[34] =         output wire [ADDR_W-1:0]            o_field_addr,               // From CB clk
net_parse ||| Parsing line[35] =         output wire [DATA_W-1:0]            o_field_data                // From CB clk
net_parse ||| Parsing line[36] =     );
net_parse ||| Parsing line[37] =     
net_parse ||| Parsing line[38] =     localparam CDC_RATIO                = PU_CLK_PERIOD / CB_CLK_PERIOD;
net_parse ||| Parsing line[39] =     localparam CNTR_W                   = $clog2(CDC_RATIO) + 1;
net_parse ||| Parsing line[40] =     
net_parse ||| Parsing line[41] =     wire                                w_pu_clk;
net_parse ||| Parsing line[42] =     wire                                w_gated_cb_clk;
net_parse ||| Parsing line[43] =     
net_parse ||| Parsing line[44] =     reg     [ADDR_W-1:0]                r_field_addr;
net_parse ||| Parsing line[45] =     reg     [DATA_W-1:0]                r_field_data;
net_parse ||| Parsing line[46] =     
net_parse ||| Parsing line[47] =     assign w_pu_clk = ~i_pu_clk;                    // Get clock out of clock tree and into datapath. Also invert the clock for enable generation
net_parse ||| Parsing line[48] =     
net_parse ||| Parsing line[49] =     assign o_field_addr = r_field_addr;
net_parse ||| Parsing line[50] =     assign o_field_data = r_field_data;
net_parse ||| Parsing line[51] =     
net_parse ||| Parsing line[52] =     // Use BUFHCE to gate the cb_clk in accordance with pu_clk to cross domains. Since cb and pu clk are synchronous, CE_TYPE = SYNC.
net_parse ||| Parsing line[53] =     BUFHCE #(
net_parse ||| Parsing line[54] =         .CE_TYPE("SYNC"), // "SYNC" (glitchless switching) or "ASYNC" (immediate switch)
net_parse ||| Parsing line[55] =         .INIT_OUT(0)      // Initial output value (0-1)
net_parse ||| Parsing line[56] =     ) BUFHCE_inst (
net_parse ||| Parsing line[57] =         .O(w_gated_cb_clk),   // 1-bit output: Clock output
net_parse ||| Parsing line[58] =         .CE(w_pu_clk), // 1-bit input: Active high enable
net_parse ||| Parsing line[59] =         .I(i_cb_clk)    // 1-bit input: Clock input
net_parse ||| Parsing line[60] =     );
net_parse ||| Parsing line[61] =     
net_parse ||| Parsing line[62] =     always @(posedge w_gated_cb_clk) begin
net_parse ||| Parsing line[63] =         r_field_addr <= (i_rst) ? 'b0 : i_field_addr;
net_parse ||| Parsing line[64] =         r_field_data <= (i_rst) ? 'b0 : i_field_data;
net_parse ||| Parsing line[65] =     end
net_parse ||| Parsing line[66] =     
net_parse ||| Parsing line[67] = endmodule
net_parse ||| Parsing line[68] = */
net_parse ||| Parsing line[69] = 
net_parse ||| Parsing line[70] = // Use Multicycle path to constrain clock paths from pu_clk to cb_clk (ending at r_*_icdc regs)
net_parse ||| Parsing line[71] = module in_cdc #(
net_parse ||| Parsing line[72] =         parameter PU_CLK_PERIOD             = 10,
net_parse ||| Parsing line[73] =         parameter CB_CLK_PERIOD             = 5,
net_parse ||| Parsing line[74] =         parameter DATA_W                    = 32,
net_parse ||| Parsing line[75] =         parameter VTAG_W                    = 10,
net_parse ||| Parsing line[76] =         parameter PTAG_W                    = 10,
net_parse ||| Parsing line[77] =         parameter OFFS_W                    = 2
net_parse ||| Parsing line[78] =     )(
net_parse ||| Parsing line[79] =         input wire                          i_clk,
net_parse ||| Parsing line[80] =         input wire                          i_rst,
net_parse ||| Parsing line[81] =         input wire  [VTAG_W-1:0]            i_field_table_vtag,
net_parse ||| Parsing line[82] =         input wire  [DATA_W-1:0]            i_field_table_wr_data,
net_parse ||| Parsing line[83] =         input wire                          i_cb_consume,
net_parse ||| Parsing line[84] =         input wire  [PTAG_W-1:0]            i_cb_ctag,
net_parse ||| Parsing line[85] =         //input wire  [PTAG_W-1:0]            i_cb_ptag,
net_parse ||| Parsing line[86] =         input wire  [OFFS_W-1:0]            i_cb_vtp_offset,
net_parse ||| Parsing line[87] =         
net_parse ||| Parsing line[88] =         output wire [VTAG_W-1:0]            o_field_table_vtag,
net_parse ||| Parsing line[89] =         output wire [DATA_W-1:0]            o_field_table_wr_data,
net_parse ||| Parsing line[90] =         output wire                         o_cb_consume,
net_parse ||| Parsing line[91] =         output wire [PTAG_W-1:0]            o_cb_ctag,
net_parse ||| Parsing line[92] =         output wire [PTAG_W-1:0]            o_cb_lru_ptag,
net_parse ||| Parsing line[93] =         output wire [OFFS_W-1:0]            o_cb_vtp_offset
net_parse ||| Parsing line[94] =     );
net_parse ||| Parsing line[95] =     
net_parse ||| Parsing line[96] =     localparam CDC_RATIO                = PU_CLK_PERIOD / CB_CLK_PERIOD;
net_parse ||| Parsing line[97] =     localparam CNTR_W                   = $clog2(CDC_RATIO) + 1;
net_parse ||| Parsing line[98] =     
net_parse ||| Parsing line[99] =     wire                                w_en;
net_parse ||| Parsing line[100] =     wire    [PTAG_W-1:0]                wo_cb_lru_ptag;
net_parse ||| Parsing line[101] =     
net_parse ||| Parsing line[102] =     reg     [CNTR_W-1:0]                r_cntr;
net_parse ||| Parsing line[103] =     reg     [VTAG_W-1:0]                r_field_table_vtag;
net_parse ||| Parsing line[104] =     reg     [DATA_W-1:0]                r_field_table_wr_data;
net_parse ||| Parsing line[105] =     reg                                 r_cb_consume;
net_parse ||| Parsing line[106] =     reg     [PTAG_W-1:0]                r_cb_ctag;
net_parse ||| Parsing line[107] =     //reg     [PTAG_W-1:0]                r_cb_ptag;
net_parse ||| Parsing line[108] =     reg     [OFFS_W-1:0]                r_cb_vtp_offset;
net_parse ||| Parsing line[109] =     
net_parse ||| Parsing line[110] =     assign w_en = (r_cntr == CDC_RATIO-1) ? 1'b1 : 1'b0;
net_parse ||| Parsing line[111] =     assign wo_cb_lru_ptag = r_field_table_wr_data[0 +: PTAG_W];
net_parse ||| Parsing line[112] =     
net_parse ||| Parsing line[113] =     assign o_field_table_vtag = r_field_table_vtag;
net_parse ||| Parsing line[114] =     assign o_field_table_wr_data = r_field_table_wr_data;
net_parse ||| Parsing line[115] =     assign o_cb_consume = r_cb_consume;
net_parse ||| Parsing line[116] =     assign o_cb_ctag = r_cb_ctag;
net_parse ||| Parsing line[117] =     assign o_cb_lru_ptag = wo_cb_lru_ptag;
net_parse ||| Parsing line[118] =     assign o_cb_vtp_offset = r_cb_vtp_offset;
net_parse ||| Parsing line[119] =     
net_parse ||| Parsing line[120] =     always @(posedge i_clk) begin
net_parse ||| Parsing line[121] =         r_cntr <= (i_rst || w_en) ? 'b0 : r_cntr+1;
net_parse ||| Parsing line[122] =     end
net_parse ||| Parsing line[123] =     
net_parse ||| Parsing line[124] =     initial begin
net_parse ||| Parsing line[125] =         r_field_table_vtag = 'b0;
net_parse ||| Parsing line[126] =         r_field_table_wr_data = 'b0;
net_parse ||| Parsing line[127] =         r_cb_consume = 'b0;
net_parse ||| Parsing line[128] =         r_cb_ctag = 'b0;
net_parse ||| Parsing line[129] =         //r_cb_ptag = 'b0;
net_parse ||| Parsing line[130] =         r_cb_vtp_offset = 'b0;
net_parse ||| Parsing line[131] =     end
net_parse ||| Parsing line[132] =     
net_parse ||| Parsing line[133] =     always @(posedge i_clk) begin
net_parse ||| Parsing line[134] =         r_field_table_vtag <= (w_en) ? i_field_table_vtag : r_field_table_vtag;
net_parse ||| Parsing line[135] =         r_field_table_wr_data <= (w_en) ? i_field_table_wr_data : r_field_table_wr_data;
net_parse ||| Parsing line[136] =         r_cb_consume <= (w_en) ? i_cb_consume : r_cb_consume;
net_parse ||| Parsing line[137] =         r_cb_ctag <= (w_en) ? i_cb_ctag : r_cb_ctag;
net_parse ||| Parsing line[138] =         //r_cb_ptag <= (w_en) ? i_cb_ptag : r_cb_ptag;
net_parse ||| Parsing line[139] =         r_cb_vtp_offset <= (w_en) ? i_cb_vtp_offset : r_cb_vtp_offset;
net_parse ||| Parsing line[140] =     end
net_parse ||| Parsing line[141] =     
net_parse ||| Parsing line[142] = endmodule
net_parse ||| Parsing line[0] = `timescale 1ns / 1ps
net_parse ||| Parsing line[1] = //////////////////////////////////////////////////////////////////////////////////
net_parse ||| Parsing line[2] = // Company: 
net_parse ||| Parsing line[3] = // Engineer: 
net_parse ||| Parsing line[4] = // 
net_parse ||| Parsing line[5] = // Create Date: 22.10.2025 13:18:52
net_parse ||| Parsing line[6] = // Design Name: 
net_parse ||| Parsing line[7] = // Module Name: pucb_wb_gen
net_parse ||| Parsing line[8] = // Project Name: 
net_parse ||| Parsing line[9] = // Target Devices: 
net_parse ||| Parsing line[10] = // Tool Versions: 
net_parse ||| Parsing line[11] = // Description: 
net_parse ||| Parsing line[12] = // 
net_parse ||| Parsing line[13] = // Dependencies: 
net_parse ||| Parsing line[14] = // 
net_parse ||| Parsing line[15] = // Revision:
net_parse ||| Parsing line[16] = // Revision 0.01 - File Created
net_parse ||| Parsing line[17] = // Additional Comments:
net_parse ||| Parsing line[18] = // 
net_parse ||| Parsing line[19] = //////////////////////////////////////////////////////////////////////////////////
net_parse ||| Parsing line[20] = 
net_parse ||| Parsing line[21] = 
net_parse ||| Parsing line[22] = module pucb_wb_gen #(
net_parse ||| Parsing line[23] =         parameter DEC_DEP           = 1,
net_parse ||| Parsing line[24] =         parameter ASSOC             = 4,
net_parse ||| Parsing line[25] =         parameter SETS              = 512,
net_parse ||| Parsing line[26] =         parameter DATA_W            = 32,
net_parse ||| Parsing line[27] =         parameter PTAG_W            = 10,
net_parse ||| Parsing line[28] =         parameter VTAG_W            = 10,
net_parse ||| Parsing line[29] =         parameter ATAG_W            = 10,
net_parse ||| Parsing line[30] =         localparam ASSOC_W          = $clog2(ASSOC),
net_parse ||| Parsing line[31] =         localparam SET_W            = $clog2(SETS),
net_parse ||| Parsing line[32] =         localparam DEC_W            = $clog2(DEC_DEP+1)
net_parse ||| Parsing line[33] =     )(
net_parse ||| Parsing line[34] =         //input wire                          i_field_init,
net_parse ||| Parsing line[35] =         input wire                          i_cb_miss,
net_parse ||| Parsing line[36] =         input wire                          i_ocb_consume,
net_parse ||| Parsing line[37] =         input wire                          i_field_wen,
net_parse ||| Parsing line[38] =         input wire  [ATAG_W-1:0]            i_field_atag,
net_parse ||| Parsing line[39] =         input wire  [SET_W-1:0]             i_field_set,
net_parse ||| Parsing line[40] =         input wire  [PTAG_W-1:0]            i_cb_ctag,
net_parse ||| Parsing line[41] =         input wire  [ASSOC_W-1:0]           i_cb_cline,
net_parse ||| Parsing line[42] =         input wire  [DEC_DEP:0][PTAG_W-1:0] i_cb_lru,
net_parse ||| Parsing line[43] =         input wire  [DEC_W-1:0]             i_cb_lru_sel,
net_parse ||| Parsing line[44] =         input wire  [VTAG_W-1:0]            i_ofield_table_vtag,
net_parse ||| Parsing line[45] =         //input wire  [DATA_W-1:0]            i_ofield_table_wr_data,
net_parse ||| Parsing line[46] =         input wire                          i_cb_rev_ptr_null,
net_parse ||| Parsing line[47] =         input wire  [VTAG_W-1:0]            i_cb_rev_ptr,
net_parse ||| Parsing line[48] =         
net_parse ||| Parsing line[49] =         //output wire [PTAG_W-1:0]            o_cb_lru_ptag,
net_parse ||| Parsing line[50] =         //output wire [PTAG_W-1:0]            o_ocb_lru_ptag,
net_parse ||| Parsing line[51] =         output wire [VTAG_W-1:0]            o_field_table_vtag,
net_parse ||| Parsing line[52] =         output wire [DATA_W-1:0]            o_field_table_wr_data,
net_parse ||| Parsing line[53] =         output wire                         o_ovalidity_table_null,
net_parse ||| Parsing line[54] =         output wire [VTAG_W-1:0]            o_ovalidity_table_vtag,
net_parse ||| Parsing line[55] =         output wire                         o_mem_wen,
net_parse ||| Parsing line[56] =         output wire [PTAG_W-1:0]            o_mem_addr
net_parse ||| Parsing line[57] =     );
net_parse ||| Parsing line[58] =     
net_parse ||| Parsing line[59] =     wire    [VTAG_W-1:0]                    w_field_table_vtag;
net_parse ||| Parsing line[60] =     wire    [DATA_W-1:0]                    w_field_table_wr_data;
net_parse ||| Parsing line[61] =     wire    [PTAG_W-1:0]                    w_cb_lru_ptag;
net_parse ||| Parsing line[62] =     //wire    [PTAG_W-1:0]                    wo_cb_lru_ptag;
net_parse ||| Parsing line[63] =     wire                                    wo_validity_table_null;
net_parse ||| Parsing line[64] =     wire    [VTAG_W-1:0]                    wo_validity_table_vtag;
net_parse ||| Parsing line[65] =     wire                                    w_mem_wen;
net_parse ||| Parsing line[66] =     wire    [PTAG_W-1:0]                    w_mem_addr;
net_parse ||| Parsing line[67] =     
net_parse ||| Parsing line[68] =     assign w_cb_lru_ptag = i_cb_lru[i_cb_lru_sel];
net_parse ||| Parsing line[69] =     //assign wo_cb_lru_ptag = i_ofield_table_wr_data[0 +: PTAG_W];
net_parse ||| Parsing line[70] =     
net_parse ||| Parsing line[71] =     assign w_field_table_vtag = {i_field_set, i_cb_cline};
net_parse ||| Parsing line[72] =     assign w_field_table_wr_data = {i_field_atag, w_cb_lru_ptag};
net_parse ||| Parsing line[73] =     
net_parse ||| Parsing line[74] =     //assign wo_validity_table_null = (i_ocb_consume) ? i_cb_rev_ptr_null : i_field_init;
net_parse ||| Parsing line[75] =     assign wo_validity_table_null = (i_ocb_consume) ? i_cb_rev_ptr_null : 1'b0;
net_parse ||| Parsing line[76] =     assign wo_validity_table_vtag = (i_ocb_consume) ? i_cb_rev_ptr : i_ofield_table_vtag;
net_parse ||| Parsing line[77] =     
net_parse ||| Parsing line[78] =     //assign w_cb_ptag = (wo_cb_consume) ? wo_cb_lru_ptag : wo_cb_ctag;
net_parse ||| Parsing line[79] =     
net_parse ||| Parsing line[80] =     assign w_mem_wen = ~i_cb_miss & i_field_wen;
net_parse ||| Parsing line[81] =     assign w_mem_addr = i_cb_ctag;
net_parse ||| Parsing line[82] =     
net_parse ||| Parsing line[83] =     //assign o_cb_lru_ptag = w_cb_lru_ptag;
net_parse ||| Parsing line[84] =     //assign o_ocb_lru_ptag = wo_cb_lru_ptag;
net_parse ||| Parsing line[85] =     assign o_field_table_vtag = w_field_table_vtag;
net_parse ||| Parsing line[86] =     assign o_field_table_wr_data = w_field_table_wr_data;
net_parse ||| Parsing line[87] =     assign o_ovalidity_table_null = wo_validity_table_null;
net_parse ||| Parsing line[88] =     assign o_ovalidity_table_vtag = wo_validity_table_vtag;
net_parse ||| Parsing line[89] =     assign o_mem_wen = w_mem_wen;
net_parse ||| Parsing line[90] =     assign o_mem_addr = w_mem_addr;
net_parse ||| Parsing line[91] =     
net_parse ||| Parsing line[92] = endmodule
net_parse ||| Parsing line[0] = `timescale 1ns / 1ps
net_parse ||| Parsing line[1] = //////////////////////////////////////////////////////////////////////////////////
net_parse ||| Parsing line[2] = // Company: 
net_parse ||| Parsing line[3] = // Engineer: 
net_parse ||| Parsing line[4] = // 
net_parse ||| Parsing line[5] = // Create Date: 19.10.2025 14:33:25
net_parse ||| Parsing line[6] = // Design Name: 
net_parse ||| Parsing line[7] = // Module Name: pucb_controller
net_parse ||| Parsing line[8] = // Project Name: 
net_parse ||| Parsing line[9] = // Target Devices: 
net_parse ||| Parsing line[10] = // Tool Versions: 
net_parse ||| Parsing line[11] = // Description: 
net_parse ||| Parsing line[12] = // 
net_parse ||| Parsing line[13] = // Dependencies: 
net_parse ||| Parsing line[14] = // 
net_parse ||| Parsing line[15] = // Revision:
net_parse ||| Parsing line[16] = // Revision 0.01 - File Created
net_parse ||| Parsing line[17] = // Additional Comments:
net_parse ||| Parsing line[18] = // 
net_parse ||| Parsing line[19] = //////////////////////////////////////////////////////////////////////////////////
net_parse ||| Parsing line[20] = 
net_parse ||| Parsing line[21] = // NOTE: Try to keep PIPE_DEP = 3 and DEC_DEP = 1; which results in a case where cb_lru_sel
net_parse ||| Parsing line[22] = //       can be computed using modulo 2 operations.
net_parse ||| Parsing line[23] = 
net_parse ||| Parsing line[24] = module pucb_controller #(
net_parse ||| Parsing line[25] =         parameter PIPE_DEP          = 3,
net_parse ||| Parsing line[26] =         parameter DEC_DEP           = 1,
net_parse ||| Parsing line[27] =         localparam OFFS_W           = $clog2(PIPE_DEP),
net_parse ||| Parsing line[28] =         localparam DEC_W            = $clog2(DEC_DEP+1)
net_parse ||| Parsing line[29] =     )(
net_parse ||| Parsing line[30] =         input wire                      i_clk,
net_parse ||| Parsing line[31] =         input wire                      i_rst,
net_parse ||| Parsing line[32] =         input wire                      i_cb_consume,
net_parse ||| Parsing line[33] =         
net_parse ||| Parsing line[34] =         output wire [DEC_W-1:0]         o_cb_lru_sel,
net_parse ||| Parsing line[35] =         output wire [OFFS_W-1:0]        o_cb_vtp_offset
net_parse ||| Parsing line[36] =     );
net_parse ||| Parsing line[37] =     
net_parse ||| Parsing line[38] =     wire    [DEC_W-1:0]                 w_nxt_cb_lru_sel;
net_parse ||| Parsing line[39] =     wire    [OFFS_W-1:0]                w_nxt_cb_vtp_offset;
net_parse ||| Parsing line[40] =     wire                                w_dec_stg_tap;
net_parse ||| Parsing line[41] =     wire                                w_update_stg_tap;
net_parse ||| Parsing line[42] =     
net_parse ||| Parsing line[43] =     reg     [DEC_DEP-1:0]               r_cb_consume_dec_stg;
net_parse ||| Parsing line[44] =     reg     [PIPE_DEP-2:0]              r_cb_consume_update_stg;
net_parse ||| Parsing line[45] =     reg     [DEC_W-1:0]                 r_cb_lru_sel;
net_parse ||| Parsing line[46] =     reg     [OFFS_W-1:0]                r_cb_vtp_offset;
net_parse ||| Parsing line[47] =     
net_parse ||| Parsing line[48] =     assign w_dec_stg_tap = r_cb_consume_dec_stg[DEC_DEP-1];
net_parse ||| Parsing line[49] =     assign w_update_stg_tap = r_cb_consume_update_stg[PIPE_DEP-2];
net_parse ||| Parsing line[50] =     // Compute next states
net_parse ||| Parsing line[51] =     assign w_nxt_cb_lru_sel = r_cb_lru_sel + i_cb_consume - w_dec_stg_tap;
net_parse ||| Parsing line[52] =     assign w_nxt_cb_vtp_offset = r_cb_vtp_offset + r_cb_lru_sel + i_cb_consume - w_dec_stg_tap - w_update_stg_tap;
net_parse ||| Parsing line[53] =     
net_parse ||| Parsing line[54] =     assign o_cb_lru_sel = r_cb_lru_sel;
net_parse ||| Parsing line[55] =     assign o_cb_vtp_offset = w_nxt_cb_vtp_offset;           // This signal is registered by CDC barrier
net_parse ||| Parsing line[56] =     
net_parse ||| Parsing line[57] =     generate
net_parse ||| Parsing line[58] =         if (DEC_DEP == 1) begin
net_parse ||| Parsing line[59] =             always @(posedge i_clk) begin
net_parse ||| Parsing line[60] =                 r_cb_consume_dec_stg <= (i_rst) ? 'b0 : i_cb_consume;
net_parse ||| Parsing line[61] =             end
net_parse ||| Parsing line[62] =         end
net_parse ||| Parsing line[63] =         else begin
net_parse ||| Parsing line[64] =             always @(posedge i_clk) begin
net_parse ||| Parsing line[65] =                 r_cb_consume_dec_stg <= (i_rst) ? 'b0 : {r_cb_consume_dec_stg[0 +: DEC_DEP-1], i_cb_consume};
net_parse ||| Parsing line[66] =             end
net_parse ||| Parsing line[67] =         end
net_parse ||| Parsing line[68] =     endgenerate
net_parse ||| Parsing line[69] =     
net_parse ||| Parsing line[70] =     always @(posedge i_clk) begin
net_parse ||| Parsing line[71] =         r_cb_consume_update_stg <= (i_rst) ? 'b0 : {r_cb_consume_update_stg[0 +: PIPE_DEP-2], i_cb_consume};
net_parse ||| Parsing line[72] =         r_cb_lru_sel <= (i_rst) ? 'b0 : w_nxt_cb_lru_sel;
net_parse ||| Parsing line[73] =         r_cb_vtp_offset <= (i_rst) ? 'b0 : w_nxt_cb_vtp_offset;
net_parse ||| Parsing line[74] =     end
net_parse ||| Parsing line[75] =     
net_parse ||| Parsing line[76] = endmodule
